"Handle","Title","Body (HTML)","Vendor","Type","Tags","Published","Option1 Name","Option1 Value","Option2 Name","Option2 Value","Option3 Name","Option3 Value","Variant SKU","Variant Grams","Variant Inventory Tracker","Variant Inventory Qty","Variant Inventory Policy","Variant Fulfillment Service","Variant Price","Variant Compare At Price","Variant Requires Shipping","Variant Taxable","Variant Barcode","Image Src","Image Position","Image Alt Text","Gift Card","SEO Title","SEO Description","Google Shopping / Google Product Category","Google Shopping / Gender","Google Shopping / Age Group","Google Shopping / MPN","Google Shopping / AdWords Grouping","Google Shopping / AdWords Labels","Google Shopping / Condition","Google Shopping / Custom Product","Google Shopping / Custom Label 0","Google Shopping / Custom Label 1","Google Shopping / Custom Label 2","Google Shopping / Custom Label 3","Google Shopping / Custom Label 4","Variant Image","Variant Weight Unit","Variant Tax Code","Cost per item","Included / [Primary]","Included / International","Status","product.metafields.custom.quote"
"balloon-teddy-set","Balloon Teddy Set","Hand-made resin creation: Balloon Teddy Set.","Alison Resin Creations (ARC)","Resin Art","Balloon, Pink, Set, Teddy, White, Yellow","TRUE","Color","Pink",,,,,,"0",,"0","deny","manual","0.00",,"TRUE","TRUE",,"https://raw.githubusercontent.com/BanterBoy/alisoncreations/feat/arc-initial-site/resources/images/balloon-teddy-set-pink.jpg","1","Balloon Teddy Set - Pink","FALSE","Balloon Teddy Set","Discover the Balloon Teddy Set from Alison Resin Creations (ARC).",,,,,,,,,,,,,,,"g",,"0.00","TRUE","TRUE","draft",
"balloon-teddy-set","Balloon Teddy Set","Hand-made resin creation: Balloon Teddy Set.","Alison Resin Creations (ARC)","Resin Art","Balloon, Pink, Set, Teddy, White, Yellow","TRUE","Color","White",,,,,,"0",,"0","deny","manual","0.00",,"TRUE","TRUE",,"https://raw.githubusercontent.com/BanterBoy/alisoncreations/feat/arc-initial-site/resources/images/balloon-teddy-set-white.jpg","2","Balloon Teddy Set - White","FALSE","Balloon Teddy Set","Discover the Balloon Teddy Set from Alison Resin Creations (ARC).",,,,,,,,,,,,,,,"g",,"0.00","TRUE","TRUE","draft",
"balloon-teddy-set","Balloon Teddy Set","Hand-made resin creation: Balloon Teddy Set.","Alison Resin Creations (ARC)","Resin Art","Balloon, Pink, Set, Teddy, White, Yellow","TRUE","Color","Yellow",,,,,,"0",,"0","deny","manual","0.00",,"TRUE","TRUE",,"https://raw.githubusercontent.com/BanterBoy/alisoncreations/feat/arc-initial-site/resources/images/balloon-teddy-set-yellow.jpg","3","Balloon Teddy Set - Yellow","FALSE","Balloon Teddy Set","Discover the Balloon Teddy Set from Alison Resin Creations (ARC).",,,,,,,,,,,,,,,"g",,"0.00","TRUE","TRUE","draft",
"big-coloured-light-up-house-scene","Big Coloured Light Up House Scene","Hand-made resin creation: Big Coloured Light Up House Scene.","Alison Resin Creations (ARC)","Resin Art","Big, Coloured, House, Light, Scene, Up","TRUE","Title","Default Title",,,,,,"0",,"0","deny","manual","0.00",,"TRUE","TRUE",,"https://raw.githubusercontent.com/BanterBoy/alisoncreations/feat/arc-initial-site/resources/images/big-coloured-light-up-house-scene.jpg","1","Big Coloured Light Up House Scene","FALSE","Big Coloured Light Up House Scene","Discover the Big Coloured Light Up House Scene from Alison Resin Creations (ARC).",,,,,,,,,,,,,,,"g",,"0.00","TRUE","TRUE","draft",
"big-house-scene","Big House Scene","Hand-made resin creation: Big House Scene.","Alison Resin Creations (ARC)","Resin Art","Big, House, Scene","TRUE","Title","Default Title",,,,,,"0",,"0","deny","manual","0.00",,"TRUE","TRUE",,"https://raw.githubusercontent.com/BanterBoy/alisoncreations/feat/arc-initial-site/resources/images/big-house-scene-%282%29.jpg","1","Big House Scene","FALSE","Big House Scene","Discover the Big House Scene from Alison Resin Creations (ARC).",,,,,,,,,,,,,,,"g",,"0.00","TRUE","TRUE","draft",
"big-light-up-house-scene","Big Light Up House Scene","Hand-made resin creation: Big Light Up House Scene.","Alison Resin Creations (ARC)","Resin Art","Big, House, Light, Scene, Up","TRUE","Title","Default Title",,,,,,"0",,"0","deny","manual","0.00",,"TRUE","TRUE",,"https://raw.githubusercontent.com/BanterBoy/alisoncreations/feat/arc-initial-site/resources/images/big-light-up-house-scene.jpg","1","Big Light Up House Scene","FALSE","Big Light Up House Scene","Discover the Big Light Up House Scene from Alison Resin Creations (ARC).",,,,,,,,,,,,,,,"g",,"0.00","TRUE","TRUE","draft",
"birds-in-house","Birds In House","Hand-made resin creation: Birds In House.","Alison Resin Creations (ARC)","Resin Art","Birds, House, White","TRUE","Color","White",,,,,,"0",,"0","deny","manual","0.00",,"TRUE","TRUE",,"https://raw.githubusercontent.com/BanterBoy/alisoncreations/feat/arc-initial-site/resources/images/birds-in-house-white.jpg","1","Birds In House - White","FALSE","Birds In House","Discover the Birds In House from Alison Resin Creations (ARC).",,,,,,,,,,,,,,,"g",,"0.00","TRUE","TRUE","draft",
"birds-on-branch","Birds On Branch","Hand-made resin creation: Birds On Branch.","Alison Resin Creations (ARC)","Resin Art","Birds, Branch","TRUE","Title","Default Title",,,,,,"0",,"0","deny","manual","0.00",,"TRUE","TRUE",,"https://raw.githubusercontent.com/BanterBoy/alisoncreations/feat/arc-initial-site/resources/images/birds-on-branch-.jpg","1","Birds On Branch","FALSE","Birds On Branch","Discover the Birds On Branch from Alison Resin Creations (ARC).",,,,,,,,,,,,,,,"g",,"0.00","TRUE","TRUE","draft",
"birds-white-in-circle","Birds White In Circle","Hand-made resin creation: Birds White In Circle.","Alison Resin Creations (ARC)","Resin Art","Birds, Circle, White","TRUE","Title","Default Title",,,,,,"0",,"0","deny","manual","0.00",,"TRUE","TRUE",,"https://raw.githubusercontent.com/BanterBoy/alisoncreations/feat/arc-initial-site/resources/images/birds-white-in-circle.jpg","1","Birds White In Circle","FALSE","Birds White In Circle","Discover the Birds White In Circle from Alison Resin Creations (ARC).",,,,,,,,,,,,,,,"g",,"0.00","TRUE","TRUE","draft",
"blue-frog","Blue Frog","Hand-made resin creation: Blue Frog.","Alison Resin Creations (ARC)","Resin Art","Blue, Frog","TRUE","Title","Default Title",,,,,,"0",,"0","deny","manual","0.00",,"TRUE","TRUE",,"https://raw.githubusercontent.com/BanterBoy/alisoncreations/feat/arc-initial-site/resources/images/blue-frog-%282%29.jpg","1","Blue Frog","FALSE","Blue Frog","Discover the Blue Frog from Alison Resin Creations (ARC).",,,,,,,,,,,,,,,"g",,"0.00","TRUE","TRUE","draft",
"boat-with-flower-anchor","Boat With Flower Anchor","Hand-made resin creation: Boat With Flower Anchor.","Alison Resin Creations (ARC)","Resin Art","Anchor, Boat, Flower, White","TRUE","Color","White",,,,,,"0",,"0","deny","manual","0.00",,"TRUE","TRUE",,"https://raw.githubusercontent.com/BanterBoy/alisoncreations/feat/arc-initial-site/resources/images/boat-with-flower-anchor-white.jpg","1","Boat With Flower Anchor - White","FALSE","Boat With Flower Anchor","Discover the Boat With Flower Anchor from Alison Resin Creations (ARC).",,,,,,,,,,,,,,,"g",,"0.00","TRUE","TRUE","draft",
"boat-with-flower-anchor-gold-rope","Boat With Flower Anchor Gold Rope","Hand-made resin creation: Boat With Flower Anchor Gold Rope.","Alison Resin Creations (ARC)","Resin Art","Anchor, Boat, Flower, Gold, Rope","TRUE","Title","Default Title",,,,,,"0",,"0","deny","manual","0.00",,"TRUE","TRUE",,"https://raw.githubusercontent.com/BanterBoy/alisoncreations/feat/arc-initial-site/resources/images/boat-with-flower-anchor-gold-rope.jpg","1","Boat With Flower Anchor Gold Rope","FALSE","Boat With Flower Anchor Gold Rope","Discover the Boat With Flower Anchor Gold Rope from Alison Resin Creations (ARC).",,,,,,,,,,,,,,,"g",,"0.00","TRUE","TRUE","draft",
"brown-butterfly","Brown Butterfly","Hand-made resin creation: Brown Butterfly.","Alison Resin Creations (ARC)","Resin Art","Brown, Butterfly","TRUE","Title","Default Title",,,,,,"0",,"0","deny","manual","0.00",,"TRUE","TRUE",,"https://raw.githubusercontent.com/BanterBoy/alisoncreations/feat/arc-initial-site/resources/images/brown-butterfly.jpg","1","Brown Butterfly","FALSE","Brown Butterfly","Discover the Brown Butterfly from Alison Resin Creations (ARC).",,,,,,,,,,,,,,,"g",,"0.00","TRUE","TRUE","draft",
"butterfly-bday-60","Butterfly Bday 60","Hand-made resin creation: Butterfly Bday 60.","Alison Resin Creations (ARC)","Resin Art","60, Bday, Butterfly, Clear","TRUE","Color","Clear",,,,,,"0",,"0","deny","manual","0.00",,"TRUE","TRUE",,"https://raw.githubusercontent.com/BanterBoy/alisoncreations/feat/arc-initial-site/resources/images/butterfly-bday-60-clear.jpg","1","Butterfly Bday 60 - Clear","FALSE","Butterfly Bday 60","Discover the Butterfly Bday 60 from Alison Resin Creations (ARC).",,,,,,,,,,,,,,,"g",,"0.00","TRUE","TRUE","draft",
"butterfly-white-quote-1","Butterfly White Quote 1","Hand-made resin creation: Butterfly White Quote 1.","Alison Resin Creations (ARC)","Resin Art","1, Butterfly, Quote, White","TRUE","Title","Default Title",,,,,,"0",,"0","deny","manual","0.00",,"TRUE","TRUE",,"https://raw.githubusercontent.com/BanterBoy/alisoncreations/feat/arc-initial-site/resources/images/butterfly-white-quote-1-.jpg","1","Butterfly White Quote 1","FALSE","Butterfly White Quote 1","Discover the Butterfly White Quote 1 from Alison Resin Creations (ARC).",,,,,,,,,,,,,,,"g",,"0.00","TRUE","TRUE","draft",
"butterfly-white-quote-2","Butterfly White Quote 2","Hand-made resin creation: Butterfly White Quote 2.","Alison Resin Creations (ARC)","Resin Art","2, Butterfly, Quote, White","TRUE","Title","Default Title",,,,,,"0",,"0","deny","manual","0.00",,"TRUE","TRUE",,"https://raw.githubusercontent.com/BanterBoy/alisoncreations/feat/arc-initial-site/resources/images/Butterfly%20white%20quote%202%20%282%29.jpg","1","Butterfly White Quote 2","FALSE","Butterfly White Quote 2","Discover the Butterfly White Quote 2 from Alison Resin Creations (ARC).",,,,,,,,,,,,,,,"g",,"0.00","TRUE","TRUE","draft",
"butterfly-white-quote-3","Butterfly White Quote 3","Hand-made resin creation: Butterfly White Quote 3.","Alison Resin Creations (ARC)","Resin Art","3, Butterfly, Quote, White","TRUE","Title","Default Title",,,,,,"0",,"0","deny","manual","0.00",,"TRUE","TRUE",,"https://raw.githubusercontent.com/BanterBoy/alisoncreations/feat/arc-initial-site/resources/images/butterfly-white-quote-3.jpg","1","Butterfly White Quote 3","FALSE","Butterfly White Quote 3","Discover the Butterfly White Quote 3 from Alison Resin Creations (ARC).",,,,,,,,,,,,,,,"g",,"0.00","TRUE","TRUE","draft",
"cat","Cat","Hand-made resin creation: Cat.","Alison Resin Creations (ARC)","Resin Art","Brown White, Cat, Dark Silver, Gold Brown, Jade, Orange, Silver","TRUE","Color","Brown White",,,,,,"0",,"0","deny","manual","0.00",,"TRUE","TRUE",,"https://raw.githubusercontent.com/BanterBoy/alisoncreations/feat/arc-initial-site/resources/images/cat-brown-white.jpg","1","Cat - Brown White","FALSE","Cat","Discover the Cat from Alison Resin Creations (ARC).",,,,,,,,,,,,,,,"g",,"0.00","TRUE","TRUE","draft",
"cat","Cat","Hand-made resin creation: Cat.","Alison Resin Creations (ARC)","Resin Art","Brown White, Cat, Dark Silver, Gold Brown, Jade, Orange, Silver","TRUE","Color","Dark Silver",,,,,,"0",,"0","deny","manual","0.00",,"TRUE","TRUE",,"https://raw.githubusercontent.com/BanterBoy/alisoncreations/feat/arc-initial-site/resources/images/cat-dark-silver.jpg","2","Cat - Dark Silver","FALSE","Cat","Discover the Cat from Alison Resin Creations (ARC).",,,,,,,,,,,,,,,"g",,"0.00","TRUE","TRUE","draft",
"cat","Cat","Hand-made resin creation: Cat.","Alison Resin Creations (ARC)","Resin Art","Brown White, Cat, Dark Silver, Gold Brown, Jade, Orange, Silver","TRUE","Color","Gold Brown",,,,,,"0",,"0","deny","manual","0.00",,"TRUE","TRUE",,"https://raw.githubusercontent.com/BanterBoy/alisoncreations/feat/arc-initial-site/resources/images/cat-gold-brown.jpg","3","Cat - Gold Brown","FALSE","Cat","Discover the Cat from Alison Resin Creations (ARC).",,,,,,,,,,,,,,,"g",,"0.00","TRUE","TRUE","draft",
"cat","Cat","Hand-made resin creation: Cat.","Alison Resin Creations (ARC)","Resin Art","Brown White, Cat, Dark Silver, Gold Brown, Jade, Orange, Silver","TRUE","Color","Jade",,,,,,"0",,"0","deny","manual","0.00",,"TRUE","TRUE",,"https://raw.githubusercontent.com/BanterBoy/alisoncreations/feat/arc-initial-site/resources/images/cat-jade.jpg","4","Cat - Jade","FALSE","Cat","Discover the Cat from Alison Resin Creations (ARC).",,,,,,,,,,,,,,,"g",,"0.00","TRUE","TRUE","draft",
"cat","Cat","Hand-made resin creation: Cat.","Alison Resin Creations (ARC)","Resin Art","Brown White, Cat, Dark Silver, Gold Brown, Jade, Orange, Silver","TRUE","Color","Orange",,,,,,"0",,"0","deny","manual","0.00",,"TRUE","TRUE",,"https://raw.githubusercontent.com/BanterBoy/alisoncreations/feat/arc-initial-site/resources/images/cat-orange.jpg","5","Cat - Orange","FALSE","Cat","Discover the Cat from Alison Resin Creations (ARC).",,,,,,,,,,,,,,,"g",,"0.00","TRUE","TRUE","draft",
"cat","Cat","Hand-made resin creation: Cat.","Alison Resin Creations (ARC)","Resin Art","Brown White, Cat, Dark Silver, Gold Brown, Jade, Orange, Silver","TRUE","Color","Silver",,,,,,"0",,"0","deny","manual","0.00",,"TRUE","TRUE",,"https://raw.githubusercontent.com/BanterBoy/alisoncreations/feat/arc-initial-site/resources/images/cat-silver.jpg","6","Cat - Silver","FALSE","Cat","Discover the Cat from Alison Resin Creations (ARC).",,,,,,,,,,,,,,,"g",,"0.00","TRUE","TRUE","draft",
"cat-dog","Cat & Dog","Hand-made resin creation: Cat & Dog.","Alison Resin Creations (ARC)","Resin Art","&, Cat, Dog","TRUE","Title","Default Title",,,,,,"0",,"0","deny","manual","0.00",,"TRUE","TRUE",,"https://raw.githubusercontent.com/BanterBoy/alisoncreations/feat/arc-initial-site/resources/images/cat-%26-dog.jpg","1","Cat & Dog","FALSE","Cat & Dog","Discover the Cat & Dog from Alison Resin Creations (ARC).",,,,,,,,,,,,,,,"g",,"0.00","TRUE","TRUE","draft",
"christmas-clear-hanging-ornaments","Christmas Clear Hanging Ornaments","Hand-made resin creation: Christmas Clear Hanging Ornaments.","Alison Resin Creations (ARC)","Resin Art","Christmas, Clear, Hanging, Ornaments","TRUE","Title","Default Title",,,,,,"0",,"0","deny","manual","0.00",,"TRUE","TRUE",,"https://raw.githubusercontent.com/BanterBoy/alisoncreations/feat/arc-initial-site/resources/images/christmas-clear-hanging-ornaments.jpg","1","Christmas Clear Hanging Ornaments","FALSE","Christmas Clear Hanging Ornaments","Discover the Christmas Clear Hanging Ornaments from Alison Resin Creations (ARC).",,,,,,,,,,,,,,,"g",,"0.00","TRUE","TRUE","draft",
"christmas-scene-2","Christmas Scene 2","Hand-made resin creation: Christmas Scene 2.","Alison Resin Creations (ARC)","Resin Art","2, Christmas, Scene","TRUE","Title","Default Title",,,,,,"0",,"0","deny","manual","0.00",,"TRUE","TRUE",,"https://raw.githubusercontent.com/BanterBoy/alisoncreations/feat/arc-initial-site/resources/images/christmas-scene-2.jpg","1","Christmas Scene 2","FALSE","Christmas Scene 2","Discover the Christmas Scene 2 from Alison Resin Creations (ARC).",,,,,,,,,,,,,,,"g",,"0.00","TRUE","TRUE","draft",
"christmas-white-circle-hanging-ornament","Christmas White Circle Hanging Ornament","Hand-made resin creation: Christmas White Circle Hanging Ornament.","Alison Resin Creations (ARC)","Resin Art","Christmas, Circle, Hanging, Ornament, White","TRUE","Title","Default Title",,,,,,"0",,"0","deny","manual","0.00",,"TRUE","TRUE",,"https://raw.githubusercontent.com/BanterBoy/alisoncreations/feat/arc-initial-site/resources/images/christmas-white-circle-hanging-ornament.jpg","1","Christmas White Circle Hanging Ornament","FALSE","Christmas White Circle Hanging Ornament","Discover the Christmas White Circle Hanging Ornament from Alison Resin Creations (ARC).",,,,,,,,,,,,,,,"g",,"0.00","TRUE","TRUE","draft",
"christmas-white-hanging-ornament","Christmas White Hanging Ornament","Hand-made resin creation: Christmas White Hanging Ornament.","Alison Resin Creations (ARC)","Resin Art","Christmas, Hanging, Ornament, White","TRUE","Title","Default Title",,,,,,"0",,"0","deny","manual","0.00",,"TRUE","TRUE",,"https://raw.githubusercontent.com/BanterBoy/alisoncreations/feat/arc-initial-site/resources/images/christmas-white-hanging-ornament.jpg","1","Christmas White Hanging Ornament","FALSE","Christmas White Hanging Ornament","Discover the Christmas White Hanging Ornament from Alison Resin Creations (ARC).",,,,,,,,,,,,,,,"g",,"0.00","TRUE","TRUE","draft",
"christmas-white-scene-1","Christmas White Scene 1","Hand-made resin creation: Christmas White Scene 1.","Alison Resin Creations (ARC)","Resin Art","1, Christmas, Scene, White","TRUE","Title","Default Title",,,,,,"0",,"0","deny","manual","0.00",,"TRUE","TRUE",,"https://raw.githubusercontent.com/BanterBoy/alisoncreations/feat/arc-initial-site/resources/images/christmas-white-scene-1.jpg","1","Christmas White Scene 1","FALSE","Christmas White Scene 1","Discover the Christmas White Scene 1 from Alison Resin Creations (ARC).",,,,,,,,,,,,,,,"g",,"0.00","TRUE","TRUE","draft",
"cloud-villiage-with-quote-7","Cloud Villiage With Quote 7","Hand-made resin creation: Cloud Villiage With Quote 7.","Alison Resin Creations (ARC)","Resin Art","7, Cloud, Quote, Villiage","TRUE","Title","Default Title",,,,,,"0",,"0","deny","manual","0.00",,"TRUE","TRUE",,"https://raw.githubusercontent.com/BanterBoy/alisoncreations/feat/arc-initial-site/resources/images/cloud-villiage-with-quote-7.jpg","1","Cloud Villiage With Quote 7","FALSE","Cloud Villiage With Quote 7","Discover the Cloud Villiage With Quote 7 from Alison Resin Creations (ARC).",,,,,,,,,,,,,,,"g",,"0.00","TRUE","TRUE","draft",
"d-r-a-g-o-n","D R A G O N","Hand-made resin creation: D R A G O N.","Alison Resin Creations (ARC)","Resin Art","D, G, N, O, R","TRUE","Title","Default Title",,,,,,"0",,"0","deny","manual","0.00",,"TRUE","TRUE",,"https://raw.githubusercontent.com/BanterBoy/alisoncreations/feat/arc-initial-site/resources/images/dragon.jpg","1","D R A G O N","FALSE","D R A G O N","Discover the D R A G O N from Alison Resin Creations (ARC).",,,,,,,,,,,,,,,"g",,"0.00","TRUE","TRUE","draft",
"dingy-and-anchor-sets","Dingy And Anchor Sets","Hand-made resin creation: Dingy And Anchor Sets.","Alison Resin Creations (ARC)","Resin Art","Anchor, Dingy, Sets","TRUE","Title","Default Title",,,,,,"0",,"0","deny","manual","0.00",,"TRUE","TRUE",,"https://raw.githubusercontent.com/BanterBoy/alisoncreations/feat/arc-initial-site/resources/images/dingy-and-anchor-sets.jpg","1","Dingy And Anchor Sets","FALSE","Dingy And Anchor Sets","Discover the Dingy And Anchor Sets from Alison Resin Creations (ARC).",,,,,,,,,,,,,,,"g",,"0.00","TRUE","TRUE","draft",
"dingy-and-anchor-sets-white-rope","Dingy And Anchor Sets White Rope","Hand-made resin creation: Dingy And Anchor Sets White Rope.","Alison Resin Creations (ARC)","Resin Art","Anchor, Dingy, Rope, Sets, White","TRUE","Title","Default Title",,,,,,"0",,"0","deny","manual","0.00",,"TRUE","TRUE",,"https://raw.githubusercontent.com/BanterBoy/alisoncreations/feat/arc-initial-site/resources/images/dingy-and-anchor-sets-white-rope-%282%29.jpg","1","Dingy And Anchor Sets White Rope","FALSE","Dingy And Anchor Sets White Rope","Discover the Dingy And Anchor Sets White Rope from Alison Resin Creations (ARC).",,,,,,,,,,,,,,,"g",,"0.00","TRUE","TRUE","draft",
"dingy-and-anchor-sets-with-gold-rope","Dingy And Anchor Sets With Gold Rope","Hand-made resin creation: Dingy And Anchor Sets With Gold Rope.","Alison Resin Creations (ARC)","Resin Art","Anchor, Dingy, Gold, Rope, Sets","TRUE","Title","Default Title",,,,,,"0",,"0","deny","manual","0.00",,"TRUE","TRUE",,"https://raw.githubusercontent.com/BanterBoy/alisoncreations/feat/arc-initial-site/resources/images/dingy-and-anchor-sets-with-gold-rope-%282%29.jpg","1","Dingy And Anchor Sets With Gold Rope","FALSE","Dingy And Anchor Sets With Gold Rope","Discover the Dingy And Anchor Sets With Gold Rope from Alison Resin Creations (ARC).",,,,,,,,,,,,,,,"g",,"0.00","TRUE","TRUE","draft",
"dog-cat","Dog & Cat","Hand-made resin creation: Dog & Cat.","Alison Resin Creations (ARC)","Resin Art","&, Cat, Dog, White","TRUE","Color","White",,,,,,"0",,"0","deny","manual","0.00",,"TRUE","TRUE",,"https://raw.githubusercontent.com/BanterBoy/alisoncreations/feat/arc-initial-site/resources/images/dog-%26-cat-white.jpg","1","Dog & Cat - White","FALSE","Dog & Cat","Discover the Dog & Cat from Alison Resin Creations (ARC).",,,,,,,,,,,,,,,"g",,"0.00","TRUE","TRUE","draft",
"dragon-fly-with-flowers","Dragon Fly With Flowers","Hand-made resin creation: Dragon Fly With Flowers.","Alison Resin Creations (ARC)","Resin Art","Clear, Dragon, Flowers, Fly","TRUE","Color","Clear",,,,,,"0",,"0","deny","manual","0.00",,"TRUE","TRUE",,"https://raw.githubusercontent.com/BanterBoy/alisoncreations/feat/arc-initial-site/resources/images/dragon-fly-with-flowers-clear.jpg","1","Dragon Fly With Flowers - Clear","FALSE","Dragon Fly With Flowers","Discover the Dragon Fly With Flowers from Alison Resin Creations (ARC).",,,,,,,,,,,,,,,"g",,"0.00","TRUE","TRUE","draft",
"dragonfly","Dragonfly","Hand-made resin creation: Dragonfly.","Alison Resin Creations (ARC)","Resin Art","Dragonfly, Purple, Red","TRUE","Color","Purple",,,,,,"0",,"0","deny","manual","0.00",,"TRUE","TRUE",,"https://raw.githubusercontent.com/BanterBoy/alisoncreations/feat/arc-initial-site/resources/images/dragonfly-purple.jpg","1","Dragonfly - Purple","FALSE","Dragonfly","Discover the Dragonfly from Alison Resin Creations (ARC).",,,,,,,,,,,,,,,"g",,"0.00","TRUE","TRUE","draft",
"dragonfly","Dragonfly","Hand-made resin creation: Dragonfly.","Alison Resin Creations (ARC)","Resin Art","Dragonfly, Purple, Red","TRUE","Color","Red",,,,,,"0",,"0","deny","manual","0.00",,"TRUE","TRUE",,"https://raw.githubusercontent.com/BanterBoy/alisoncreations/feat/arc-initial-site/resources/images/dragonfly-red.jpg","2","Dragonfly - Red","FALSE","Dragonfly","Discover the Dragonfly from Alison Resin Creations (ARC).",,,,,,,,,,,,,,,"g",,"0.00","TRUE","TRUE","draft",
"dragonfly-plaque-1","Dragonfly Plaque 1","Hand-made resin creation: Dragonfly Plaque 1.","Alison Resin Creations (ARC)","Resin Art","1, Dragonfly, Plaque","TRUE","Title","Default Title",,,,,,"0",,"0","deny","manual","0.00",,"TRUE","TRUE",,"https://raw.githubusercontent.com/BanterBoy/alisoncreations/feat/arc-initial-site/resources/images/dragonfly-plaque-1.jpg","1","Dragonfly Plaque 1","FALSE","Dragonfly Plaque 1","Discover the Dragonfly Plaque 1 from Alison Resin Creations (ARC).",,,,,,,,,,,,,,,"g",,"0.00","TRUE","TRUE","draft",
"dragonfly-plaque-2","Dragonfly Plaque 2","Hand-made resin creation: Dragonfly Plaque 2.","Alison Resin Creations (ARC)","Resin Art","2, Dragonfly, Plaque","TRUE","Title","Default Title",,,,,,"0",,"0","deny","manual","0.00",,"TRUE","TRUE",,"https://raw.githubusercontent.com/BanterBoy/alisoncreations/feat/arc-initial-site/resources/images/dragonfly-plaque-2.jpg","1","Dragonfly Plaque 2","FALSE","Dragonfly Plaque 2","Discover the Dragonfly Plaque 2 from Alison Resin Creations (ARC).",,,,,,,,,,,,,,,"g",,"0.00","TRUE","TRUE","draft",
"dragonfly-with-flowers-white-back","Dragonfly With Flowers White Back","Hand-made resin creation: Dragonfly With Flowers White Back.","Alison Resin Creations (ARC)","Resin Art","Back, Dragonfly, Flowers, White","TRUE","Title","Default Title",,,,,,"0",,"0","deny","manual","0.00",,"TRUE","TRUE",,"https://raw.githubusercontent.com/BanterBoy/alisoncreations/feat/arc-initial-site/resources/images/dragonfly-with-flowers-white-back.jpg","1","Dragonfly With Flowers White Back","FALSE","Dragonfly With Flowers White Back","Discover the Dragonfly With Flowers White Back from Alison Resin Creations (ARC).",,,,,,,,,,,,,,,"g",,"0.00","TRUE","TRUE","draft",
"elephant","Elephant","Hand-made resin creation: Elephant.","Alison Resin Creations (ARC)","Resin Art","Elephant, Jade, White Green","TRUE","Color","Jade",,,,,,"0",,"0","deny","manual","0.00",,"TRUE","TRUE",,"https://raw.githubusercontent.com/BanterBoy/alisoncreations/feat/arc-initial-site/resources/images/elephant-jade.jpg","1","Elephant - Jade","FALSE","Elephant","Discover the Elephant from Alison Resin Creations (ARC).",,,,,,,,,,,,,,,"g",,"0.00","TRUE","TRUE","draft",
"elephant","Elephant","Hand-made resin creation: Elephant.","Alison Resin Creations (ARC)","Resin Art","Elephant, Jade, White Green","TRUE","Color","White Green",,,,,,"0",,"0","deny","manual","0.00",,"TRUE","TRUE",,"https://raw.githubusercontent.com/BanterBoy/alisoncreations/feat/arc-initial-site/resources/images/elephant-white-green.jpg","2","Elephant - White Green","FALSE","Elephant","Discover the Elephant from Alison Resin Creations (ARC).",,,,,,,,,,,,,,,"g",,"0.00","TRUE","TRUE","draft",
"fairy","Fairy","Hand-made resin creation: Fairy.","Alison Resin Creations (ARC)","Resin Art","Cream, Fairy, Mauve, Silver","TRUE","Color","Cream",,,,,,"0",,"0","deny","manual","0.00",,"TRUE","TRUE",,"https://raw.githubusercontent.com/BanterBoy/alisoncreations/feat/arc-initial-site/resources/images/fairy-cream.jpg","1","Fairy - Cream","FALSE","Fairy","Discover the Fairy from Alison Resin Creations (ARC).",,,,,,,,,,,,,,,"g",,"0.00","TRUE","TRUE","draft",
"fairy","Fairy","Hand-made resin creation: Fairy.","Alison Resin Creations (ARC)","Resin Art","Cream, Fairy, Mauve, Silver","TRUE","Color","Mauve",,,,,,"0",,"0","deny","manual","0.00",,"TRUE","TRUE",,"https://raw.githubusercontent.com/BanterBoy/alisoncreations/feat/arc-initial-site/resources/images/fairy-mauve.jpg","2","Fairy - Mauve","FALSE","Fairy","Discover the Fairy from Alison Resin Creations (ARC).",,,,,,,,,,,,,,,"g",,"0.00","TRUE","TRUE","draft",
"fairy","Fairy","Hand-made resin creation: Fairy.","Alison Resin Creations (ARC)","Resin Art","Cream, Fairy, Mauve, Silver","TRUE","Color","Silver",,,,,,"0",,"0","deny","manual","0.00",,"TRUE","TRUE",,"https://raw.githubusercontent.com/BanterBoy/alisoncreations/feat/arc-initial-site/resources/images/fairy-silver.jpg","3","Fairy - Silver","FALSE","Fairy","Discover the Fairy from Alison Resin Creations (ARC).",,,,,,,,,,,,,,,"g",,"0.00","TRUE","TRUE","draft",
"fairy-white-silver-2","Fairy White Silver 2","Hand-made resin creation: Fairy White Silver 2.","Alison Resin Creations (ARC)","Resin Art","2, Fairy, Silver, White","TRUE","Title","Default Title",,,,,,"0",,"0","deny","manual","0.00",,"TRUE","TRUE",,"https://raw.githubusercontent.com/BanterBoy/alisoncreations/feat/arc-initial-site/resources/images/fairy-white-silver-2.jpg","1","Fairy White Silver 2","FALSE","Fairy White Silver 2","Discover the Fairy White Silver 2 from Alison Resin Creations (ARC).",,,,,,,,,,,,,,,"g",,"0.00","TRUE","TRUE","draft",
"fairy-white-sliver","Fairy White Sliver","Hand-made resin creation: Fairy White Sliver.","Alison Resin Creations (ARC)","Resin Art","Fairy, Sliver, White","TRUE","Title","Default Title",,,,,,"0",,"0","deny","manual","0.00",,"TRUE","TRUE",,"https://raw.githubusercontent.com/BanterBoy/alisoncreations/feat/arc-initial-site/resources/images/fairy-white-sliver.jpg","1","Fairy White Sliver","FALSE","Fairy White Sliver","Discover the Fairy White Sliver from Alison Resin Creations (ARC).",,,,,,,,,,,,,,,"g",,"0.00","TRUE","TRUE","draft",
"family-flowered","Family (Flowered)","Hand-made resin creation: Family (Flowered).","Alison Resin Creations (ARC)","Resin Art","(Flowered), Family","TRUE","Title","Default Title",,,,,,"0",,"0","deny","manual","0.00",,"TRUE","TRUE",,"https://raw.githubusercontent.com/BanterBoy/alisoncreations/feat/arc-initial-site/resources/images/family-%28flowered%29.jpg","1","Family (Flowered)","FALSE","Family (Flowered)","Discover the Family (Flowered) from Alison Resin Creations (ARC).",,,,,,,,,,,,,,,"g",,"0.00","TRUE","TRUE","draft",
"flower-cup-saucer","Flower Cup Saucer","Hand-made resin creation: Flower Cup Saucer.","Alison Resin Creations (ARC)","Resin Art","Blue, Cup, Flower, Saucer, White1, White2, Yellow","TRUE","Color","Blue",,,,,,"0",,"0","deny","manual","0.00",,"TRUE","TRUE",,"https://raw.githubusercontent.com/BanterBoy/alisoncreations/feat/arc-initial-site/resources/images/flower-cup-saucer-blue-.jpg","1","Flower Cup Saucer - Blue","FALSE","Flower Cup Saucer","Discover the Flower Cup Saucer from Alison Resin Creations (ARC).",,,,,,,,,,,,,,,"g",,"0.00","TRUE","TRUE","draft",
"flower-cup-saucer","Flower Cup Saucer","Hand-made resin creation: Flower Cup Saucer.","Alison Resin Creations (ARC)","Resin Art","Blue, Cup, Flower, Saucer, White1, White2, Yellow","TRUE","Color","White1",,,,,,"0",,"0","deny","manual","0.00",,"TRUE","TRUE",,"https://raw.githubusercontent.com/BanterBoy/alisoncreations/feat/arc-initial-site/resources/images/flower-cup-saucer-white1-.jpg","2","Flower Cup Saucer - White1","FALSE","Flower Cup Saucer","Discover the Flower Cup Saucer from Alison Resin Creations (ARC).",,,,,,,,,,,,,,,"g",,"0.00","TRUE","TRUE","draft",
"flower-cup-saucer","Flower Cup Saucer","Hand-made resin creation: Flower Cup Saucer.","Alison Resin Creations (ARC)","Resin Art","Blue, Cup, Flower, Saucer, White1, White2, Yellow","TRUE","Color","White2",,,,,,"0",,"0","deny","manual","0.00",,"TRUE","TRUE",,"https://raw.githubusercontent.com/BanterBoy/alisoncreations/feat/arc-initial-site/resources/images/flower-cup-saucer-white2.jpg","3","Flower Cup Saucer - White2","FALSE","Flower Cup Saucer","Discover the Flower Cup Saucer from Alison Resin Creations (ARC).",,,,,,,,,,,,,,,"g",,"0.00","TRUE","TRUE","draft",
"flower-cup-saucer","Flower Cup Saucer","Hand-made resin creation: Flower Cup Saucer.","Alison Resin Creations (ARC)","Resin Art","Blue, Cup, Flower, Saucer, White1, White2, Yellow","TRUE","Color","Yellow",,,,,,"0",,"0","deny","manual","0.00",,"TRUE","TRUE",,"https://raw.githubusercontent.com/BanterBoy/alisoncreations/feat/arc-initial-site/resources/images/flower-cup-saucer-yellow-%282%29.jpg","4","Flower Cup Saucer - Yellow","FALSE","Flower Cup Saucer","Discover the Flower Cup Saucer from Alison Resin Creations (ARC).",,,,,,,,,,,,,,,"g",,"0.00","TRUE","TRUE","draft",
"flower-cup-saucer-white-2","Flower Cup Saucer White 2","Hand-made resin creation: Flower Cup Saucer White 2.","Alison Resin Creations (ARC)","Resin Art","2, Cup, Flower, Saucer, White","TRUE","Title","Default Title",,,,,,"0",,"0","deny","manual","0.00",,"TRUE","TRUE",,"https://raw.githubusercontent.com/BanterBoy/alisoncreations/feat/arc-initial-site/resources/images/flower-cup-saucer-white-2.jpg","1","Flower Cup Saucer White 2","FALSE","Flower Cup Saucer White 2","Discover the Flower Cup Saucer White 2 from Alison Resin Creations (ARC).",,,,,,,,,,,,,,,"g",,"0.00","TRUE","TRUE","draft",
"flower-cup-saucerwhite2","Flower Cup Saucerwhite2","Hand-made resin creation: Flower Cup Saucerwhite2.","Alison Resin Creations (ARC)","Resin Art","Cup, Flower, Saucerwhite2","TRUE","Title","Default Title",,,,,,"0",,"0","deny","manual","0.00",,"TRUE","TRUE",,"https://raw.githubusercontent.com/BanterBoy/alisoncreations/feat/arc-initial-site/resources/images/flower-cup-saucerwhite2.jpg","1","Flower Cup Saucerwhite2","FALSE","Flower Cup Saucerwhite2","Discover the Flower Cup Saucerwhite2 from Alison Resin Creations (ARC).",,,,,,,,,,,,,,,"g",,"0.00","TRUE","TRUE","draft",
"flower-jars","Flower Jars","Hand-made resin creation: Flower Jars.","Alison Resin Creations (ARC)","Resin Art","Blue, Flower, Jars, Mauve, Mix Light Red, Pink, Red","TRUE","Color","Blue",,,,,,"0",,"0","deny","manual","0.00",,"TRUE","TRUE",,"https://raw.githubusercontent.com/BanterBoy/alisoncreations/feat/arc-initial-site/resources/images/flower-jars-blue.jpg","1","Flower Jars - Blue","FALSE","Flower Jars","Discover the Flower Jars from Alison Resin Creations (ARC).",,,,,,,,,,,,,,,"g",,"0.00","TRUE","TRUE","draft",
"flower-jars","Flower Jars","Hand-made resin creation: Flower Jars.","Alison Resin Creations (ARC)","Resin Art","Blue, Flower, Jars, Mauve, Mix Light Red, Pink, Red","TRUE","Color","Mauve",,,,,,"0",,"0","deny","manual","0.00",,"TRUE","TRUE",,"https://raw.githubusercontent.com/BanterBoy/alisoncreations/feat/arc-initial-site/resources/images/flower-jars-mauve.jpg","2","Flower Jars - Mauve","FALSE","Flower Jars","Discover the Flower Jars from Alison Resin Creations (ARC).",,,,,,,,,,,,,,,"g",,"0.00","TRUE","TRUE","draft",
"flower-jars","Flower Jars","Hand-made resin creation: Flower Jars.","Alison Resin Creations (ARC)","Resin Art","Blue, Flower, Jars, Mauve, Mix Light Red, Pink, Red","TRUE","Color","Mix Light Red",,,,,,"0",,"0","deny","manual","0.00",,"TRUE","TRUE",,"https://raw.githubusercontent.com/BanterBoy/alisoncreations/feat/arc-initial-site/resources/images/flower-jars-mix.light-red.jpg","3","Flower Jars - Mix Light Red","FALSE","Flower Jars","Discover the Flower Jars from Alison Resin Creations (ARC).",,,,,,,,,,,,,,,"g",,"0.00","TRUE","TRUE","draft",
"flower-jars","Flower Jars","Hand-made resin creation: Flower Jars.","Alison Resin Creations (ARC)","Resin Art","Blue, Flower, Jars, Mauve, Mix Light Red, Pink, Red","TRUE","Color","Pink",,,,,,"0",,"0","deny","manual","0.00",,"TRUE","TRUE",,"https://raw.githubusercontent.com/BanterBoy/alisoncreations/feat/arc-initial-site/resources/images/flower-jars-pink.jpg","4","Flower Jars - Pink","FALSE","Flower Jars","Discover the Flower Jars from Alison Resin Creations (ARC).",,,,,,,,,,,,,,,"g",,"0.00","TRUE","TRUE","draft",
"flower-jars","Flower Jars","Hand-made resin creation: Flower Jars.","Alison Resin Creations (ARC)","Resin Art","Blue, Flower, Jars, Mauve, Mix Light Red, Pink, Red","TRUE","Color","Red",,,,,,"0",,"0","deny","manual","0.00",,"TRUE","TRUE",,"https://raw.githubusercontent.com/BanterBoy/alisoncreations/feat/arc-initial-site/resources/images/flower-jars-red.jpg","5","Flower Jars - Red","FALSE","Flower Jars","Discover the Flower Jars from Alison Resin Creations (ARC).",,,,,,,,,,,,,,,"g",,"0.00","TRUE","TRUE","draft",
"flower-jars-pink-1","Flower Jars Pink 1","Hand-made resin creation: Flower Jars Pink 1.","Alison Resin Creations (ARC)","Resin Art","1, Flower, Jars, Pink","TRUE","Title","Default Title",,,,,,"0",,"0","deny","manual","0.00",,"TRUE","TRUE",,"https://raw.githubusercontent.com/BanterBoy/alisoncreations/feat/arc-initial-site/resources/images/flower-jars-pink-1.jpg","1","Flower Jars Pink 1","FALSE","Flower Jars Pink 1","Discover the Flower Jars Pink 1 from Alison Resin Creations (ARC).",,,,,,,,,,,,,,,"g",,"0.00","TRUE","TRUE","draft",
"flower-pot","Flower Pot","Hand-made resin creation: Flower Pot.","Alison Resin Creations (ARC)","Resin Art","Flower, Light Yellow, Pot, White","TRUE","Color","Light Yellow",,,,,,"0",,"0","deny","manual","0.00",,"TRUE","TRUE",,"https://raw.githubusercontent.com/BanterBoy/alisoncreations/feat/arc-initial-site/resources/images/flower-pot-light-yellow.jpg","1","Flower Pot - Light Yellow","FALSE","Flower Pot","Discover the Flower Pot from Alison Resin Creations (ARC).",,,,,,,,,,,,,,,"g",,"0.00","TRUE","TRUE","draft",
"flower-pot","Flower Pot","Hand-made resin creation: Flower Pot.","Alison Resin Creations (ARC)","Resin Art","Flower, Light Yellow, Pot, White","TRUE","Color","White",,,,,,"0",,"0","deny","manual","0.00",,"TRUE","TRUE",,"https://raw.githubusercontent.com/BanterBoy/alisoncreations/feat/arc-initial-site/resources/images/flower-pot-white.jpg","2","Flower Pot - White","FALSE","Flower Pot","Discover the Flower Pot from Alison Resin Creations (ARC).",,,,,,,,,,,,,,,"g",,"0.00","TRUE","TRUE","draft",
"flower-pots","Flower Pots","Hand-made resin creation: Flower Pots.","Alison Resin Creations (ARC)","Resin Art","Blue, Flower, Grey, Pots, Yellow","TRUE","Color","Blue",,,,,,"0",,"0","deny","manual","0.00",,"TRUE","TRUE",,"https://raw.githubusercontent.com/BanterBoy/alisoncreations/feat/arc-initial-site/resources/images/flower-pots-blue.jpg","1","Flower Pots - Blue","FALSE","Flower Pots","Discover the Flower Pots from Alison Resin Creations (ARC).",,,,,,,,,,,,,,,"g",,"0.00","TRUE","TRUE","draft",
"flower-pots","Flower Pots","Hand-made resin creation: Flower Pots.","Alison Resin Creations (ARC)","Resin Art","Blue, Flower, Grey, Pots, Yellow","TRUE","Color","Grey",,,,,,"0",,"0","deny","manual","0.00",,"TRUE","TRUE",,"https://raw.githubusercontent.com/BanterBoy/alisoncreations/feat/arc-initial-site/resources/images/flower-pots-grey.jpg","2","Flower Pots - Grey","FALSE","Flower Pots","Discover the Flower Pots from Alison Resin Creations (ARC).",,,,,,,,,,,,,,,"g",,"0.00","TRUE","TRUE","draft",
"flower-pots","Flower Pots","Hand-made resin creation: Flower Pots.","Alison Resin Creations (ARC)","Resin Art","Blue, Flower, Grey, Pots, Yellow","TRUE","Color","Yellow",,,,,,"0",,"0","deny","manual","0.00",,"TRUE","TRUE",,"https://raw.githubusercontent.com/BanterBoy/alisoncreations/feat/arc-initial-site/resources/images/flower-pots-yellow.jpg","3","Flower Pots - Yellow","FALSE","Flower Pots","Discover the Flower Pots from Alison Resin Creations (ARC).",,,,,,,,,,,,,,,"g",,"0.00","TRUE","TRUE","draft",
"flowered-butterfly","Flowered Butterfly","Hand-made resin creation: Flowered Butterfly.","Alison Resin Creations (ARC)","Resin Art","Butterfly, Clear, Flowered, White","TRUE","Color","Clear",,,,,,"0",,"0","deny","manual","0.00",,"TRUE","TRUE",,"https://raw.githubusercontent.com/BanterBoy/alisoncreations/feat/arc-initial-site/resources/images/flowered-butterfly-clear.jpg","1","Flowered Butterfly - Clear","FALSE","Flowered Butterfly","Discover the Flowered Butterfly from Alison Resin Creations (ARC).",,,,,,,,,,,,,,,"g",,"0.00","TRUE","TRUE","draft",
"flowered-butterfly","Flowered Butterfly","Hand-made resin creation: Flowered Butterfly.","Alison Resin Creations (ARC)","Resin Art","Butterfly, Clear, Flowered, White","TRUE","Color","White",,,,,,"0",,"0","deny","manual","0.00",,"TRUE","TRUE",,"https://raw.githubusercontent.com/BanterBoy/alisoncreations/feat/arc-initial-site/resources/images/flowered-butterfly-white.jpg","2","Flowered Butterfly - White","FALSE","Flowered Butterfly","Discover the Flowered Butterfly from Alison Resin Creations (ARC).",,,,,,,,,,,,,,,"g",,"0.00","TRUE","TRUE","draft",
"flowers-on-wood-with-quote-1","Flowers On Wood With Quote 1","Hand-made resin creation: Flowers On Wood With Quote 1.","Alison Resin Creations (ARC)","Resin Art","1, Blue Mauve, Flowers, Quote, Wood","TRUE","Color","Blue Mauve",,,,,,"0",,"0","deny","manual","0.00",,"TRUE","TRUE",,"https://raw.githubusercontent.com/BanterBoy/alisoncreations/feat/arc-initial-site/resources/images/flowers-on-wood-with-quote-1-blue-mauve.jpg","1","Flowers On Wood With Quote 1 - Blue Mauve","FALSE","Flowers On Wood With Quote 1","Discover the Flowers On Wood With Quote 1 from Alison Resin Creations (ARC).",,,,,,,,,,,,,,,"g",,"0.00","TRUE","TRUE","draft",
"green-frog","Green Frog","Hand-made resin creation: Green Frog.","Alison Resin Creations (ARC)","Resin Art","Frog, Green","TRUE","Title","Default Title",,,,,,"0",,"0","deny","manual","0.00",,"TRUE","TRUE",,"https://raw.githubusercontent.com/BanterBoy/alisoncreations/feat/arc-initial-site/resources/images/green-frog-%282%29.jpg","1","Green Frog","FALSE","Green Frog","Discover the Green Frog from Alison Resin Creations (ARC).",,,,,,,,,,,,,,,"g",,"0.00","TRUE","TRUE","draft",
"hanging-ballon","Hanging Ballon","Hand-made resin creation: Hanging Ballon.","Alison Resin Creations (ARC)","Resin Art","Ballon, Hanging, White","TRUE","Color","White",,,,,,"0",,"0","deny","manual","0.00",,"TRUE","TRUE",,"https://raw.githubusercontent.com/BanterBoy/alisoncreations/feat/arc-initial-site/resources/images/hanging-ballon-white.jpg","1","Hanging Ballon - White","FALSE","Hanging Ballon","Discover the Hanging Ballon from Alison Resin Creations (ARC).",,,,,,,,,,,,,,,"g",,"0.00","TRUE","TRUE","draft",
"hanging-balloon-flowers-qoute-5","Hanging Balloon Flowers Qoute 5","Hand-made resin creation: Hanging Balloon Flowers Qoute 5.","Alison Resin Creations (ARC)","Resin Art","5, Balloon, Flowers, Hanging, Qoute","TRUE","Title","Default Title",,,,,,"0",,"0","deny","manual","0.00",,"TRUE","TRUE",,"https://raw.githubusercontent.com/BanterBoy/alisoncreations/feat/arc-initial-site/resources/images/hanging-balloon-flowers-qoute-5.jpg","1","Hanging Balloon Flowers Qoute 5","FALSE","Hanging Balloon Flowers Qoute 5","Discover the Hanging Balloon Flowers Qoute 5 from Alison Resin Creations (ARC).",,,,,,,,,,,,,,,"g",,"0.00","TRUE","TRUE","draft",
"hanging-balloon-with-jewels","Hanging Balloon With Jewels","Hand-made resin creation: Hanging Balloon With Jewels.","Alison Resin Creations (ARC)","Resin Art","Balloon, Hanging, Jewels","TRUE","Title","Default Title",,,,,,"0",,"0","deny","manual","0.00",,"TRUE","TRUE",,"https://raw.githubusercontent.com/BanterBoy/alisoncreations/feat/arc-initial-site/resources/images/hanging-balloon-with-jewels.jpg","1","Hanging Balloon With Jewels","FALSE","Hanging Balloon With Jewels","Discover the Hanging Balloon With Jewels from Alison Resin Creations (ARC).",,,,,,,,,,,,,,,"g",,"0.00","TRUE","TRUE","draft",
"hanging-butterfly","Hanging Butterfly","Hand-made resin creation: Hanging Butterfly.","Alison Resin Creations (ARC)","Resin Art","Brown, Butterfly, Hanging","TRUE","Color","Brown",,,,,,"0",,"0","deny","manual","0.00",,"TRUE","TRUE",,"https://raw.githubusercontent.com/BanterBoy/alisoncreations/feat/arc-initial-site/resources/images/hanging-butterfly-brown.jpg","1","Hanging Butterfly - Brown","FALSE","Hanging Butterfly","Discover the Hanging Butterfly from Alison Resin Creations (ARC).",,,,,,,,,,,,,,,"g",,"0.00","TRUE","TRUE","draft",
"hanging-butterfly-with-flowers","Hanging Butterfly With Flowers","Hand-made resin creation: Hanging Butterfly With Flowers.","Alison Resin Creations (ARC)","Resin Art","Butterfly, Flowers, Hanging","TRUE","Title","Default Title",,,,,,"0",,"0","deny","manual","0.00",,"TRUE","TRUE",,"https://raw.githubusercontent.com/BanterBoy/alisoncreations/feat/arc-initial-site/resources/images/hanging-butterfly-with-flowers.jpg","1","Hanging Butterfly With Flowers","FALSE","Hanging Butterfly With Flowers","Discover the Hanging Butterfly With Flowers from Alison Resin Creations (ARC).",,,,,,,,,,,,,,,"g",,"0.00","TRUE","TRUE","draft",
"hanging-houses","Hanging Houses","Hand-made resin creation: Hanging Houses.","Alison Resin Creations (ARC)","Resin Art","Hanging, Houses, White, White Silver","TRUE","Color","White",,,,,,"0",,"0","deny","manual","0.00",,"TRUE","TRUE",,"https://raw.githubusercontent.com/BanterBoy/alisoncreations/feat/arc-initial-site/resources/images/hanging-houses-white-.jpg","1","Hanging Houses - White","FALSE","Hanging Houses","Discover the Hanging Houses from Alison Resin Creations (ARC).",,,,,,,,,,,,,,,"g",,"0.00","TRUE","TRUE","draft",
"hanging-houses","Hanging Houses","Hand-made resin creation: Hanging Houses.","Alison Resin Creations (ARC)","Resin Art","Hanging, Houses, White, White Silver","TRUE","Color","White Silver",,,,,,"0",,"0","deny","manual","0.00",,"TRUE","TRUE",,"https://raw.githubusercontent.com/BanterBoy/alisoncreations/feat/arc-initial-site/resources/images/hanging-houses-white-silver-.jpg","2","Hanging Houses - White Silver","FALSE","Hanging Houses","Discover the Hanging Houses from Alison Resin Creations (ARC).",,,,,,,,,,,,,,,"g",,"0.00","TRUE","TRUE","draft",
"heart-candel-holder-white-with-house","Heart Candel Holder White With House","Hand-made resin creation: Heart Candel Holder White With House.","Alison Resin Creations (ARC)","Resin Art","Candel, Heart, Holder, House, White","TRUE","Title","Default Title",,,,,,"0",,"0","deny","manual","0.00",,"TRUE","TRUE",,"https://raw.githubusercontent.com/BanterBoy/alisoncreations/feat/arc-initial-site/resources/images/heart-candel-holder-white-with-house.jpg","1","Heart Candel Holder White With House","FALSE","Heart Candel Holder White With House","Discover the Heart Candel Holder White With House from Alison Resin Creations (ARC).",,,,,,,,,,,,,,,"g",,"0.00","TRUE","TRUE","draft",
"heart-candel-holder-white-with-house-2","Heart Candel Holder White With House 2","Hand-made resin creation: Heart Candel Holder White With House 2.","Alison Resin Creations (ARC)","Resin Art","2, Candel, Heart, Holder, House, White","TRUE","Title","Default Title",,,,,,"0",,"0","deny","manual","0.00",,"TRUE","TRUE",,"https://raw.githubusercontent.com/BanterBoy/alisoncreations/feat/arc-initial-site/resources/images/heart-candel-holder-white-with-house-2.jpg","1","Heart Candel Holder White With House 2","FALSE","Heart Candel Holder White With House 2","Discover the Heart Candel Holder White With House 2 from Alison Resin Creations (ARC).",,,,,,,,,,,,,,,"g",,"0.00","TRUE","TRUE","draft",
"heart-candel-stich-holder-with-house-flowers-l","Heart Candel Stich Holder With House Flowers L","Hand-made resin creation: Heart Candel Stich Holder With House Flowers L.","Alison Resin Creations (ARC)","Resin Art","Candel, Flowers, Heart, Holder, House, L, Stich, White","TRUE","Color","White",,,,,,"0",,"0","deny","manual","0.00",,"TRUE","TRUE",,"https://raw.githubusercontent.com/BanterBoy/alisoncreations/feat/arc-initial-site/resources/images/heart-candel-stich-holder-with-house-flowers-l-white.jpg","1","Heart Candel Stich Holder With House Flowers L - White","FALSE","Heart Candel Stich Holder With House Flowers L","Discover the Heart Candel Stich Holder With House Flowers L from Alison Resin Creations (ARC).",,,,,,,,,,,,,,,"g",,"0.00","TRUE","TRUE","draft",
"heart-candel-stich-holder-with-house-flowers-rwhite","Heart Candel Stich Holder With House Flowers Rwhite","Hand-made resin creation: Heart Candel Stich Holder With House Flowers Rwhite.","Alison Resin Creations (ARC)","Resin Art","Candel, Flowers, Heart, Holder, House, Rwhite, Stich","TRUE","Title","Default Title",,,,,,"0",,"0","deny","manual","0.00",,"TRUE","TRUE",,"https://raw.githubusercontent.com/BanterBoy/alisoncreations/feat/arc-initial-site/resources/images/heart-candel-stich-holder-with-house-flowers-rwhite.jpg","1","Heart Candel Stich Holder With House Flowers Rwhite","FALSE","Heart Candel Stich Holder With House Flowers Rwhite","Discover the Heart Candel Stich Holder With House Flowers Rwhite from Alison Resin Creations (ARC).",,,,,,,,,,,,,,,"g",,"0.00","TRUE","TRUE","draft",
"home-flowered","Home (Flowered)","Hand-made resin creation: Home (Flowered).","Alison Resin Creations (ARC)","Resin Art","(Flowered), Home","TRUE","Title","Default Title",,,,,,"0",,"0","deny","manual","0.00",,"TRUE","TRUE",,"https://raw.githubusercontent.com/BanterBoy/alisoncreations/feat/arc-initial-site/resources/images/home-%28flowered%29.jpg","1","Home (Flowered)","FALSE","Home (Flowered)","Discover the Home (Flowered) from Alison Resin Creations (ARC).",,,,,,,,,,,,,,,"g",,"0.00","TRUE","TRUE","draft",
"hot-air-balloon-quote-5","Hot Air Balloon Quote 5","Hand-made resin creation: Hot Air Balloon Quote 5.","Alison Resin Creations (ARC)","Resin Art","5, Air, Balloon, Hot, Quote","TRUE","Title","Default Title",,,,,,"0",,"0","deny","manual","0.00",,"TRUE","TRUE",,"https://raw.githubusercontent.com/BanterBoy/alisoncreations/feat/arc-initial-site/resources/images/hot-air-balloon-quote-5.jpg","1","Hot Air Balloon Quote 5","FALSE","Hot Air Balloon Quote 5","Discover the Hot Air Balloon Quote 5 from Alison Resin Creations (ARC).",,,,,,,,,,,,,,,"g",,"0.00","TRUE","TRUE","draft",
"hot-air-balloon-white-long","Hot Air Balloon White Long","Hand-made resin creation: Hot Air Balloon White Long.","Alison Resin Creations (ARC)","Resin Art","Air, Balloon, Hot, Long, White","TRUE","Title","Default Title",,,,,,"0",,"0","deny","manual","0.00",,"TRUE","TRUE",,"https://raw.githubusercontent.com/BanterBoy/alisoncreations/feat/arc-initial-site/resources/images/hot-air-balloon-white-long.jpg","1","Hot Air Balloon White Long","FALSE","Hot Air Balloon White Long","Discover the Hot Air Balloon White Long from Alison Resin Creations (ARC).",,,,,,,,,,,,,,,"g",,"0.00","TRUE","TRUE","draft",
"hot-air-balloon-white-short","Hot Air Balloon White Short","Hand-made resin creation: Hot Air Balloon White Short.","Alison Resin Creations (ARC)","Resin Art","Air, Balloon, Hot, Short, White","TRUE","Title","Default Title",,,,,,"0",,"0","deny","manual","0.00",,"TRUE","TRUE",,"https://raw.githubusercontent.com/BanterBoy/alisoncreations/feat/arc-initial-site/resources/images/hot-air-balloon-white-short.jpg","1","Hot Air Balloon White Short","FALSE","Hot Air Balloon White Short","Discover the Hot Air Balloon White Short from Alison Resin Creations (ARC).",,,,,,,,,,,,,,,"g",,"0.00","TRUE","TRUE","draft",
"house","House","Hand-made resin creation: House.","Alison Resin Creations (ARC)","Resin Art","Green, House","TRUE","Color","Green",,,,,,"0",,"0","deny","manual","0.00",,"TRUE","TRUE",,"https://raw.githubusercontent.com/BanterBoy/alisoncreations/feat/arc-initial-site/resources/images/house-green.jpg","1","House - Green","FALSE","House","Discover the House from Alison Resin Creations (ARC).",,,,,,,,,,,,,,,"g",,"0.00","TRUE","TRUE","draft",
"house-heart","House Heart","Hand-made resin creation: House Heart.","Alison Resin Creations (ARC)","Resin Art","Heart, House, White","TRUE","Color","White",,,,,,"0",,"0","deny","manual","0.00",,"TRUE","TRUE",,"https://raw.githubusercontent.com/BanterBoy/alisoncreations/feat/arc-initial-site/resources/images/house-heart-white.jpg","1","House Heart - White","FALSE","House Heart","Discover the House Heart from Alison Resin Creations (ARC).",,,,,,,,,,,,,,,"g",,"0.00","TRUE","TRUE","draft",
"house-scene","House Scene","Hand-made resin creation: House Scene.","Alison Resin Creations (ARC)","Resin Art","House, Scene","TRUE","Title","Default Title",,,,,,"0",,"0","deny","manual","0.00",,"TRUE","TRUE",,"https://raw.githubusercontent.com/BanterBoy/alisoncreations/feat/arc-initial-site/resources/images/house-scene.jpg","1","House Scene","FALSE","House Scene","Discover the House Scene from Alison Resin Creations (ARC).",,,,,,,,,,,,,,,"g",,"0.00","TRUE","TRUE","draft",
"house-scene-log","House Scene Log","Hand-made resin creation: House Scene Log.","Alison Resin Creations (ARC)","Resin Art","House, Log, Scene","TRUE","Title","Default Title",,,,,,"0",,"0","deny","manual","0.00",,"TRUE","TRUE",,"https://raw.githubusercontent.com/BanterBoy/alisoncreations/feat/arc-initial-site/resources/images/house_scene_log.jpg","1","House Scene Log","FALSE","House Scene Log","Discover the House Scene Log from Alison Resin Creations (ARC).",,,,,,,,,,,,,,,"g",,"0.00","TRUE","TRUE","draft",
"house-scene-log-2","House Scene Log 2","Hand-made resin creation: House Scene Log 2.","Alison Resin Creations (ARC)","Resin Art","2, House, Log, Scene","TRUE","Title","Default Title",,,,,,"0",,"0","deny","manual","0.00",,"TRUE","TRUE",,"https://raw.githubusercontent.com/BanterBoy/alisoncreations/feat/arc-initial-site/resources/images/house_scene_log_2.jpg","1","House Scene Log 2","FALSE","House Scene Log 2","Discover the House Scene Log 2 from Alison Resin Creations (ARC).",,,,,,,,,,,,,,,"g",,"0.00","TRUE","TRUE","draft",
"houses","Houses","Hand-made resin creation: Houses.","Alison Resin Creations (ARC)","Resin Art","Houses, Yellow","TRUE","Color","Yellow",,,,,,"0",,"0","deny","manual","0.00",,"TRUE","TRUE",,"https://raw.githubusercontent.com/BanterBoy/alisoncreations/feat/arc-initial-site/resources/images/houses-yellow.jpg","1","Houses - Yellow","FALSE","Houses","Discover the Houses from Alison Resin Creations (ARC).",,,,,,,,,,,,,,,"g",,"0.00","TRUE","TRUE","draft",
"houses-scene-1","Houses Scene 1","Hand-made resin creation: Houses Scene 1.","Alison Resin Creations (ARC)","Resin Art","1, Houses, Scene","TRUE","Title","Default Title",,,,,,"0",,"0","deny","manual","0.00",,"TRUE","TRUE",,"https://raw.githubusercontent.com/BanterBoy/alisoncreations/feat/arc-initial-site/resources/images/houses-scene-1.jpg","1","Houses Scene 1","FALSE","Houses Scene 1","Discover the Houses Scene 1 from Alison Resin Creations (ARC).",,,,,,,,,,,,,,,"g",,"0.00","TRUE","TRUE","draft",
"houses-scene-2","Houses Scene 2","Hand-made resin creation: Houses Scene 2.","Alison Resin Creations (ARC)","Resin Art","2, Houses, Scene","TRUE","Title","Default Title",,,,,,"0",,"0","deny","manual","0.00",,"TRUE","TRUE",,"https://raw.githubusercontent.com/BanterBoy/alisoncreations/feat/arc-initial-site/resources/images/houses-scene-2.jpg","1","Houses Scene 2","FALSE","Houses Scene 2","Discover the Houses Scene 2 from Alison Resin Creations (ARC).",,,,,,,,,,,,,,,"g",,"0.00","TRUE","TRUE","draft",
"houses-scene-3","Houses Scene 3","Hand-made resin creation: Houses Scene 3.","Alison Resin Creations (ARC)","Resin Art","3, Houses, Scene","TRUE","Title","Default Title",,,,,,"0",,"0","deny","manual","0.00",,"TRUE","TRUE",,"https://raw.githubusercontent.com/BanterBoy/alisoncreations/feat/arc-initial-site/resources/images/houses-scene-3.jpg","1","Houses Scene 3","FALSE","Houses Scene 3","Discover the Houses Scene 3 from Alison Resin Creations (ARC).",,,,,,,,,,,,,,,"g",,"0.00","TRUE","TRUE","draft",
"light-up-christmas-trees","Light Up Christmas Trees","Hand-made resin creation: Light Up Christmas Trees.","Alison Resin Creations (ARC)","Resin Art","Christmas, Light, Trees, Up","TRUE","Title","Default Title",,,,,,"0",,"0","deny","manual","0.00",,"TRUE","TRUE",,"https://raw.githubusercontent.com/BanterBoy/alisoncreations/feat/arc-initial-site/resources/images/light-up-christmas-trees.jpg","1","Light Up Christmas Trees","FALSE","Light Up Christmas Trees","Discover the Light Up Christmas Trees from Alison Resin Creations (ARC).",,,,,,,,,,,,,,,"g",,"0.00","TRUE","TRUE","draft",
"love-birds","Love Birds","Hand-made resin creation: Love Birds.","Alison Resin Creations (ARC)","Resin Art","Birds, Love","TRUE","Title","Default Title",,,,,,"0",,"0","deny","manual","0.00",,"TRUE","TRUE",,"https://raw.githubusercontent.com/BanterBoy/alisoncreations/feat/arc-initial-site/resources/images/love-birds-.jpg","1","Love Birds","FALSE","Love Birds","Discover the Love Birds from Alison Resin Creations (ARC).",,,,,,,,,,,,,,,"g",,"0.00","TRUE","TRUE","draft",
"ouote-on-wood-blue-mauve-quote-1","Ouote On Wood Blue Mauve Quote 1","Hand-made resin creation: Ouote On Wood Blue Mauve Quote 1.","Alison Resin Creations (ARC)","Resin Art","1, Blue, Mauve, Ouote, Quote, Wood","TRUE","Title","Default Title",,,,,,"0",,"0","deny","manual","0.00",,"TRUE","TRUE",,"https://raw.githubusercontent.com/BanterBoy/alisoncreations/feat/arc-initial-site/resources/images/ouote-on-wood-blue-mauve-quote-1.jpg","1","Ouote On Wood Blue Mauve Quote 1","FALSE","Ouote On Wood Blue Mauve Quote 1","Discover the Ouote On Wood Blue Mauve Quote 1 from Alison Resin Creations (ARC).",,,,,,,,,,,,,,,"g",,"0.00","TRUE","TRUE","draft",
"paw-print-quote-4","Paw Print Quote 4","Hand-made resin creation: Paw Print Quote 4.","Alison Resin Creations (ARC)","Resin Art","4, Paw, Print, Quote","TRUE","Title","Default Title",,,,,,"0",,"0","deny","manual","0.00",,"TRUE","TRUE",,"https://raw.githubusercontent.com/BanterBoy/alisoncreations/feat/arc-initial-site/resources/images/paw-print-quote-4.jpg","1","Paw Print Quote 4","FALSE","Paw Print Quote 4","Discover the Paw Print Quote 4 from Alison Resin Creations (ARC).",,,,,,,,,,,,,,,"g",,"0.00","TRUE","TRUE","draft",
"pawprint-quote-4","Pawprint Quote 4","Hand-made resin creation: Pawprint Quote 4.","Alison Resin Creations (ARC)","Resin Art","4, Pawprint, Quote","TRUE","Title","Default Title",,,,,,"0",,"0","deny","manual","0.00",,"TRUE","TRUE",,"https://raw.githubusercontent.com/BanterBoy/alisoncreations/feat/arc-initial-site/resources/images/pawprint-quote-4.jpg","1","Pawprint Quote 4","FALSE","Pawprint Quote 4","Discover the Pawprint Quote 4 from Alison Resin Creations (ARC).",,,,,,,,,,,,,,,"g",,"0.00","TRUE","TRUE","draft",
"peek-a-boo-teddy","Peek A Boo Teddy","Hand-made resin creation: Peek A Boo Teddy.","Alison Resin Creations (ARC)","Resin Art","Blue, Boo, Jade, Light Blue, Peek, Pink, Pink White, Teddy, White","TRUE","Color","Blue",,,,,,"0",,"0","deny","manual","0.00",,"TRUE","TRUE",,"https://raw.githubusercontent.com/BanterBoy/alisoncreations/feat/arc-initial-site/resources/images/peek-a-boo-teddy-blue-.jpg","1","Peek A Boo Teddy - Blue","FALSE","Peek A Boo Teddy","Discover the Peek A Boo Teddy from Alison Resin Creations (ARC).",,,,,,,,,,,,,,,"g",,"0.00","TRUE","TRUE","draft",
"peek-a-boo-teddy","Peek A Boo Teddy","Hand-made resin creation: Peek A Boo Teddy.","Alison Resin Creations (ARC)","Resin Art","Blue, Boo, Jade, Light Blue, Peek, Pink, Pink White, Teddy, White","TRUE","Color","Default Title",,,,,,"0",,"0","deny","manual","0.00",,"TRUE","TRUE",,"https://raw.githubusercontent.com/BanterBoy/alisoncreations/feat/arc-initial-site/resources/images/peek-a-boo-teddy-jade.jpg","2","Peek A Boo Teddy","FALSE","Peek A Boo Teddy","Discover the Peek A Boo Teddy from Alison Resin Creations (ARC).",,,,,,,,,,,,,,,"g",,"0.00","TRUE","TRUE","draft",
"peek-a-boo-teddy","Peek A Boo Teddy","Hand-made resin creation: Peek A Boo Teddy.","Alison Resin Creations (ARC)","Resin Art","Blue, Boo, Jade, Light Blue, Peek, Pink, Pink White, Teddy, White","TRUE","Color","Jade",,,,,,"0",,"0","deny","manual","0.00",,"TRUE","TRUE",,"https://raw.githubusercontent.com/BanterBoy/alisoncreations/feat/arc-initial-site/resources/images/peek-a-boo-teddy-light-blue.jpg","3","Peek A Boo Teddy - Jade","FALSE","Peek A Boo Teddy","Discover the Peek A Boo Teddy from Alison Resin Creations (ARC).",,,,,,,,,,,,,,,"g",,"0.00","TRUE","TRUE","draft",
"peek-a-boo-teddy","Peek A Boo Teddy","Hand-made resin creation: Peek A Boo Teddy.","Alison Resin Creations (ARC)","Resin Art","Blue, Boo, Jade, Light Blue, Peek, Pink, Pink White, Teddy, White","TRUE","Color","Light Blue",,,,,,"0",,"0","deny","manual","0.00",,"TRUE","TRUE",,"https://raw.githubusercontent.com/BanterBoy/alisoncreations/feat/arc-initial-site/resources/images/peek-a-boo-teddy-pink-white.jpg","4","Peek A Boo Teddy - Light Blue","FALSE","Peek A Boo Teddy","Discover the Peek A Boo Teddy from Alison Resin Creations (ARC).",,,,,,,,,,,,,,,"g",,"0.00","TRUE","TRUE","draft",
"peek-a-boo-teddy","Peek A Boo Teddy","Hand-made resin creation: Peek A Boo Teddy.","Alison Resin Creations (ARC)","Resin Art","Blue, Boo, Jade, Light Blue, Peek, Pink, Pink White, Teddy, White","TRUE","Color","Pink",,,,,,"0",,"0","deny","manual","0.00",,"TRUE","TRUE",,"https://raw.githubusercontent.com/BanterBoy/alisoncreations/feat/arc-initial-site/resources/images/peek-a-boo-teddy-pink.jpg","5","Peek A Boo Teddy - Pink","FALSE","Peek A Boo Teddy","Discover the Peek A Boo Teddy from Alison Resin Creations (ARC).",,,,,,,,,,,,,,,"g",,"0.00","TRUE","TRUE","draft",
"peek-a-boo-teddy","Peek A Boo Teddy","Hand-made resin creation: Peek A Boo Teddy.","Alison Resin Creations (ARC)","Resin Art","Blue, Boo, Jade, Light Blue, Peek, Pink, Pink White, Teddy, White","TRUE","Color","Pink White",,,,,,"0",,"0","deny","manual","0.00",,"TRUE","TRUE",,"https://raw.githubusercontent.com/BanterBoy/alisoncreations/feat/arc-initial-site/resources/images/peek-a-boo-teddy-white.jpg","6","Peek A Boo Teddy - Pink White","FALSE","Peek A Boo Teddy","Discover the Peek A Boo Teddy from Alison Resin Creations (ARC).",,,,,,,,,,,,,,,"g",,"0.00","TRUE","TRUE","draft",
"peek-a-boo-teddy","Peek A Boo Teddy","Hand-made resin creation: Peek A Boo Teddy.","Alison Resin Creations (ARC)","Resin Art","Blue, Boo, Jade, Light Blue, Peek, Pink, Pink White, Teddy, White","TRUE","Color","White",,,,,,"0",,"0","deny","manual","0.00",,"TRUE","TRUE",,"https://raw.githubusercontent.com/BanterBoy/alisoncreations/feat/arc-initial-site/resources/images/peek-a-boo-teddy.jpg","7","Peek A Boo Teddy - White","FALSE","Peek A Boo Teddy","Discover the Peek A Boo Teddy from Alison Resin Creations (ARC).",,,,,,,,,,,,,,,"g",,"0.00","TRUE","TRUE","draft",
"raindeer","Raindeer","Hand-made resin creation: Raindeer.","Alison Resin Creations (ARC)","Resin Art","Blue, Brown, Brown Clear, Green, Raindeer, White","TRUE","Color","Blue",,,,,,"0",,"0","deny","manual","0.00",,"TRUE","TRUE",,"https://raw.githubusercontent.com/BanterBoy/alisoncreations/feat/arc-initial-site/resources/images/raindeer-blue.jpg","1","Raindeer - Blue","FALSE","Raindeer","Discover the Raindeer from Alison Resin Creations (ARC).",,,,,,,,,,,,,,,"g",,"0.00","TRUE","TRUE","draft",
"raindeer","Raindeer","Hand-made resin creation: Raindeer.","Alison Resin Creations (ARC)","Resin Art","Blue, Brown, Brown Clear, Green, Raindeer, White","TRUE","Color","Brown",,,,,,"0",,"0","deny","manual","0.00",,"TRUE","TRUE",,"https://raw.githubusercontent.com/BanterBoy/alisoncreations/feat/arc-initial-site/resources/images/raindeer-brown.jpg","2","Raindeer - Brown","FALSE","Raindeer","Discover the Raindeer from Alison Resin Creations (ARC).",,,,,,,,,,,,,,,"g",,"0.00","TRUE","TRUE","draft",
"raindeer","Raindeer","Hand-made resin creation: Raindeer.","Alison Resin Creations (ARC)","Resin Art","Blue, Brown, Brown Clear, Green, Raindeer, White","TRUE","Color","Brown Clear",,,,,,"0",,"0","deny","manual","0.00",,"TRUE","TRUE",,"https://raw.githubusercontent.com/BanterBoy/alisoncreations/feat/arc-initial-site/resources/images/raindeer-brown-clear.jpg","3","Raindeer - Brown Clear","FALSE","Raindeer","Discover the Raindeer from Alison Resin Creations (ARC).",,,,,,,,,,,,,,,"g",,"0.00","TRUE","TRUE","draft",
"raindeer","Raindeer","Hand-made resin creation: Raindeer.","Alison Resin Creations (ARC)","Resin Art","Blue, Brown, Brown Clear, Green, Raindeer, White","TRUE","Color","Green",,,,,,"0",,"0","deny","manual","0.00",,"TRUE","TRUE",,"https://raw.githubusercontent.com/BanterBoy/alisoncreations/feat/arc-initial-site/resources/images/raindeer-green.jpg","4","Raindeer - Green","FALSE","Raindeer","Discover the Raindeer from Alison Resin Creations (ARC).",,,,,,,,,,,,,,,"g",,"0.00","TRUE","TRUE","draft",
"raindeer","Raindeer","Hand-made resin creation: Raindeer.","Alison Resin Creations (ARC)","Resin Art","Blue, Brown, Brown Clear, Green, Raindeer, White","TRUE","Color","White",,,,,,"0",,"0","deny","manual","0.00",,"TRUE","TRUE",,"https://raw.githubusercontent.com/BanterBoy/alisoncreations/feat/arc-initial-site/resources/images/raindeer-white.jpg","5","Raindeer - White","FALSE","Raindeer","Discover the Raindeer from Alison Resin Creations (ARC).",,,,,,,,,,,,,,,"g",,"0.00","TRUE","TRUE","draft",
"rose-teddy","Rose Teddy","Hand-made resin creation: Rose Teddy.","Alison Resin Creations (ARC)","Resin Art","Blue White, Brown Red, Red, Rose, Silver, Teddy","TRUE","Color","Blue White",,,,,,"0",,"0","deny","manual","0.00",,"TRUE","TRUE",,"https://raw.githubusercontent.com/BanterBoy/alisoncreations/feat/arc-initial-site/resources/images/rose-teddy-blue-white.jpg","1","Rose Teddy - Blue White","FALSE","Rose Teddy","Discover the Rose Teddy from Alison Resin Creations (ARC).",,,,,,,,,,,,,,,"g",,"0.00","TRUE","TRUE","draft",
"rose-teddy","Rose Teddy","Hand-made resin creation: Rose Teddy.","Alison Resin Creations (ARC)","Resin Art","Blue White, Brown Red, Red, Rose, Silver, Teddy","TRUE","Color","Brown Red",,,,,,"0",,"0","deny","manual","0.00",,"TRUE","TRUE",,"https://raw.githubusercontent.com/BanterBoy/alisoncreations/feat/arc-initial-site/resources/images/rose-teddy-brown-red.jpg","2","Rose Teddy - Brown Red","FALSE","Rose Teddy","Discover the Rose Teddy from Alison Resin Creations (ARC).",,,,,,,,,,,,,,,"g",,"0.00","TRUE","TRUE","draft",
"rose-teddy","Rose Teddy","Hand-made resin creation: Rose Teddy.","Alison Resin Creations (ARC)","Resin Art","Blue White, Brown Red, Red, Rose, Silver, Teddy","TRUE","Color","Red",,,,,,"0",,"0","deny","manual","0.00",,"TRUE","TRUE",,"https://raw.githubusercontent.com/BanterBoy/alisoncreations/feat/arc-initial-site/resources/images/rose-teddy-red.jpg","3","Rose Teddy - Red","FALSE","Rose Teddy","Discover the Rose Teddy from Alison Resin Creations (ARC).",,,,,,,,,,,,,,,"g",,"0.00","TRUE","TRUE","draft",
"rose-teddy","Rose Teddy","Hand-made resin creation: Rose Teddy.","Alison Resin Creations (ARC)","Resin Art","Blue White, Brown Red, Red, Rose, Silver, Teddy","TRUE","Color","Silver",,,,,,"0",,"0","deny","manual","0.00",,"TRUE","TRUE",,"https://raw.githubusercontent.com/BanterBoy/alisoncreations/feat/arc-initial-site/resources/images/rose-teddy-silver.jpg","4","Rose Teddy - Silver","FALSE","Rose Teddy","Discover the Rose Teddy from Alison Resin Creations (ARC).",,,,,,,,,,,,,,,"g",,"0.00","TRUE","TRUE","draft",
"rose-teddy-pink-glow-in-the-dark","Rose Teddy Pink Glow In The Dark","Hand-made resin creation: Rose Teddy Pink Glow In The Dark.","Alison Resin Creations (ARC)","Resin Art","Dark, Glow, Pink, Rose, Teddy","TRUE","Title","Default Title",,,,,,"0",,"0","deny","manual","0.00",,"TRUE","TRUE",,"https://raw.githubusercontent.com/BanterBoy/alisoncreations/feat/arc-initial-site/resources/images/rose-teddy-pink-glow-in-the-dark.jpg","1","Rose Teddy Pink Glow In The Dark","FALSE","Rose Teddy Pink Glow In The Dark","Discover the Rose Teddy Pink Glow In The Dark from Alison Resin Creations (ARC).",,,,,,,,,,,,,,,"g",,"0.00","TRUE","TRUE","draft",
"rose-teddyglow-in-the","Rose Teddyglow In The","Hand-made resin creation: Rose Teddyglow In The.","Alison Resin Creations (ARC)","Resin Art","Dark Blue, Rose, Teddyglow","TRUE","Color","Dark Blue",,,,,,"0",,"0","deny","manual","0.00",,"TRUE","TRUE",,"https://raw.githubusercontent.com/BanterBoy/alisoncreations/feat/arc-initial-site/resources/images/rose-teddyglow-in-the-dark-blue.jpg","1","Rose Teddyglow In The - Dark Blue","FALSE","Rose Teddyglow In The","Discover the Rose Teddyglow In The from Alison Resin Creations (ARC).",,,,,,,,,,,,,,,"g",,"0.00","TRUE","TRUE","draft",
"s-t-a-g","S T A G","Hand-made resin creation: S T A G.","Alison Resin Creations (ARC)","Resin Art","G, S, T","TRUE","Title","Default Title",,,,,,"0",,"0","deny","manual","0.00",,"TRUE","TRUE",,"https://raw.githubusercontent.com/BanterBoy/alisoncreations/feat/arc-initial-site/resources/images/stag.jpg","1","S T A G","FALSE","S T A G","Discover the S T A G from Alison Resin Creations (ARC).",,,,,,,,,,,,,,,"g",,"0.00","TRUE","TRUE","draft",
"set-of-2-houses-with-flowers","Set Of 2 Houses With Flowers","Hand-made resin creation: Set Of 2 Houses With Flowers.","Alison Resin Creations (ARC)","Resin Art","2, Flowers, Houses, Set, White","TRUE","Color","White",,,,,,"0",,"0","deny","manual","0.00",,"TRUE","TRUE",,"https://raw.githubusercontent.com/BanterBoy/alisoncreations/feat/arc-initial-site/resources/images/set-of-2-houses-with-flowers-white.jpg","1","Set Of 2 Houses With Flowers - White","FALSE","Set Of 2 Houses With Flowers","Discover the Set Of 2 Houses With Flowers from Alison Resin Creations (ARC).",,,,,,,,,,,,,,,"g",,"0.00","TRUE","TRUE","draft",
"set-of-3-bunnys","Set Of 3 Bunnys","Hand-made resin creation: Set Of 3 Bunnys.","Alison Resin Creations (ARC)","Resin Art","3, Blue, Bunnys, Pink, Set, White, Yellow","TRUE","Color","Blue",,,,,,"0",,"0","deny","manual","0.00",,"TRUE","TRUE",,"https://raw.githubusercontent.com/BanterBoy/alisoncreations/feat/arc-initial-site/resources/images/set-of-3-bunnys-blue.jpg","1","Set Of 3 Bunnys - Blue","FALSE","Set Of 3 Bunnys","Discover the Set Of 3 Bunnys from Alison Resin Creations (ARC).",,,,,,,,,,,,,,,"g",,"0.00","TRUE","TRUE","draft",
"set-of-3-bunnys","Set Of 3 Bunnys","Hand-made resin creation: Set Of 3 Bunnys.","Alison Resin Creations (ARC)","Resin Art","3, Blue, Bunnys, Pink, Set, White, Yellow","TRUE","Color","Pink",,,,,,"0",,"0","deny","manual","0.00",,"TRUE","TRUE",,"https://raw.githubusercontent.com/BanterBoy/alisoncreations/feat/arc-initial-site/resources/images/set-of-3-bunnys-pink-%282%29.jpg","2","Set Of 3 Bunnys - Pink","FALSE","Set Of 3 Bunnys","Discover the Set Of 3 Bunnys from Alison Resin Creations (ARC).",,,,,,,,,,,,,,,"g",,"0.00","TRUE","TRUE","draft",
"set-of-3-bunnys","Set Of 3 Bunnys","Hand-made resin creation: Set Of 3 Bunnys.","Alison Resin Creations (ARC)","Resin Art","3, Blue, Bunnys, Pink, Set, White, Yellow","TRUE","Color","White",,,,,,"0",,"0","deny","manual","0.00",,"TRUE","TRUE",,"https://raw.githubusercontent.com/BanterBoy/alisoncreations/feat/arc-initial-site/resources/images/set-of-3-bunnys-white.jpg","3","Set Of 3 Bunnys - White","FALSE","Set Of 3 Bunnys","Discover the Set Of 3 Bunnys from Alison Resin Creations (ARC).",,,,,,,,,,,,,,,"g",,"0.00","TRUE","TRUE","draft",
"set-of-3-bunnys","Set Of 3 Bunnys","Hand-made resin creation: Set Of 3 Bunnys.","Alison Resin Creations (ARC)","Resin Art","3, Blue, Bunnys, Pink, Set, White, Yellow","TRUE","Color","Yellow",,,,,,"0",,"0","deny","manual","0.00",,"TRUE","TRUE",,"https://raw.githubusercontent.com/BanterBoy/alisoncreations/feat/arc-initial-site/resources/images/set-of-3-bunnys-yellow.jpg","4","Set Of 3 Bunnys - Yellow","FALSE","Set Of 3 Bunnys","Discover the Set Of 3 Bunnys from Alison Resin Creations (ARC).",,,,,,,,,,,,,,,"g",,"0.00","TRUE","TRUE","draft",
"set-of-3-flower-vases-set-1","Set Of 3 Flower Vases Set 1","Hand-made resin creation: Set Of 3 Flower Vases Set 1.","Alison Resin Creations (ARC)","Resin Art","1, 3, Flower, Set, Vases","TRUE","Title","Default Title",,,,,,"0",,"0","deny","manual","0.00",,"TRUE","TRUE",,"https://raw.githubusercontent.com/BanterBoy/alisoncreations/feat/arc-initial-site/resources/images/set-of-3-flower-vases-set-1.jpg","1","Set Of 3 Flower Vases Set 1","FALSE","Set Of 3 Flower Vases Set 1","Discover the Set Of 3 Flower Vases Set 1 from Alison Resin Creations (ARC).",,,,,,,,,,,,,,,"g",,"0.00","TRUE","TRUE","draft",
"set-of-3-flower-vases-set-2","Set Of 3 Flower Vases Set 2","Hand-made resin creation: Set Of 3 Flower Vases Set 2.","Alison Resin Creations (ARC)","Resin Art","2, 3, Flower, Set, Vases","TRUE","Title","Default Title",,,,,,"0",,"0","deny","manual","0.00",,"TRUE","TRUE",,"https://raw.githubusercontent.com/BanterBoy/alisoncreations/feat/arc-initial-site/resources/images/set-of-3-flower-vases-set-2.jpg","1","Set Of 3 Flower Vases Set 2","FALSE","Set Of 3 Flower Vases Set 2","Discover the Set Of 3 Flower Vases Set 2 from Alison Resin Creations (ARC).",,,,,,,,,,,,,,,"g",,"0.00","TRUE","TRUE","draft",
"set-of-five-mushroons","Set Of Five Mushroons","Hand-made resin creation: Set Of Five Mushroons.","Alison Resin Creations (ARC)","Resin Art","Five, Mushroons, Set","TRUE","Title","Default Title",,,,,,"0",,"0","deny","manual","0.00",,"TRUE","TRUE",,"https://raw.githubusercontent.com/BanterBoy/alisoncreations/feat/arc-initial-site/resources/images/set-of-five-mushroons.jpg","1","Set Of Five Mushroons","FALSE","Set Of Five Mushroons","Discover the Set Of Five Mushroons from Alison Resin Creations (ARC).",,,,,,,,,,,,,,,"g",,"0.00","TRUE","TRUE","draft",
"set-of-three-mushroons","Set Of Three Mushroons","Hand-made resin creation: Set Of Three Mushroons.","Alison Resin Creations (ARC)","Resin Art","Mushroons, Set, Three","TRUE","Title","Default Title",,,,,,"0",,"0","deny","manual","0.00",,"TRUE","TRUE",,"https://raw.githubusercontent.com/BanterBoy/alisoncreations/feat/arc-initial-site/resources/images/set-of-three-mushroons.jpg","1","Set Of Three Mushroons","FALSE","Set Of Three Mushroons","Discover the Set Of Three Mushroons from Alison Resin Creations (ARC).",,,,,,,,,,,,,,,"g",,"0.00","TRUE","TRUE","draft",
"set-of-two-gnome","Set Of Two Gnome","Hand-made resin creation: Set Of Two Gnome.","Alison Resin Creations (ARC)","Resin Art","Gnome, Set, Two","TRUE","Title","Default Title",,,,,,"0",,"0","deny","manual","0.00",,"TRUE","TRUE",,"https://raw.githubusercontent.com/BanterBoy/alisoncreations/feat/arc-initial-site/resources/images/set-of-two-gnome.jpg","1","Set Of Two Gnome","FALSE","Set Of Two Gnome","Discover the Set Of Two Gnome from Alison Resin Creations (ARC).",,,,,,,,,,,,,,,"g",,"0.00","TRUE","TRUE","draft",
"sitting-angel","Sitting Angel","Hand-made resin creation: Sitting Angel.","Alison Resin Creations (ARC)","Resin Art","Angel, Cream, Pink, Sitting, White","TRUE","Color","Cream",,,,,,"0",,"0","deny","manual","0.00",,"TRUE","TRUE",,"https://raw.githubusercontent.com/BanterBoy/alisoncreations/feat/arc-initial-site/resources/images/sitting-angel-cream.jpg","1","Sitting Angel - Cream","FALSE","Sitting Angel","Discover the Sitting Angel from Alison Resin Creations (ARC).",,,,,,,,,,,,,,,"g",,"0.00","TRUE","TRUE","draft",
"sitting-angel","Sitting Angel","Hand-made resin creation: Sitting Angel.","Alison Resin Creations (ARC)","Resin Art","Angel, Cream, Pink, Sitting, White","TRUE","Color","Default Title",,,,,,"0",,"0","deny","manual","0.00",,"TRUE","TRUE",,"https://raw.githubusercontent.com/BanterBoy/alisoncreations/feat/arc-initial-site/resources/images/sitting-angel-pink.jpg","2","Sitting Angel","FALSE","Sitting Angel","Discover the Sitting Angel from Alison Resin Creations (ARC).",,,,,,,,,,,,,,,"g",,"0.00","TRUE","TRUE","draft",
"sitting-angel","Sitting Angel","Hand-made resin creation: Sitting Angel.","Alison Resin Creations (ARC)","Resin Art","Angel, Cream, Pink, Sitting, White","TRUE","Color","Pink",,,,,,"0",,"0","deny","manual","0.00",,"TRUE","TRUE",,"https://raw.githubusercontent.com/BanterBoy/alisoncreations/feat/arc-initial-site/resources/images/sitting-angel-white.jpg","3","Sitting Angel - Pink","FALSE","Sitting Angel","Discover the Sitting Angel from Alison Resin Creations (ARC).",,,,,,,,,,,,,,,"g",,"0.00","TRUE","TRUE","draft",
"sitting-angel","Sitting Angel","Hand-made resin creation: Sitting Angel.","Alison Resin Creations (ARC)","Resin Art","Angel, Cream, Pink, Sitting, White","TRUE","Color","White",,,,,,"0",,"0","deny","manual","0.00",,"TRUE","TRUE",,"https://raw.githubusercontent.com/BanterBoy/alisoncreations/feat/arc-initial-site/resources/images/sitting-angel.jpg","4","Sitting Angel - White","FALSE","Sitting Angel","Discover the Sitting Angel from Alison Resin Creations (ARC).",,,,,,,,,,,,,,,"g",,"0.00","TRUE","TRUE","draft",
"sitting-teddy-small","Sitting Teddy Small","Hand-made resin creation: Sitting Teddy Small.","Alison Resin Creations (ARC)","Resin Art","Blue, Clear, Light Blue, Light Brown, Silver, Sitting, Small, Teddy","TRUE","Color","Blue",,,,,,"0",,"0","deny","manual","0.00",,"TRUE","TRUE",,"https://raw.githubusercontent.com/BanterBoy/alisoncreations/feat/arc-initial-site/resources/images/sitting-teddy-small-blue.jpg","1","Sitting Teddy Small - Blue","FALSE","Sitting Teddy Small","Discover the Sitting Teddy Small from Alison Resin Creations (ARC).",,,,,,,,,,,,,,,"g",,"0.00","TRUE","TRUE","draft",
"sitting-teddy-small","Sitting Teddy Small","Hand-made resin creation: Sitting Teddy Small.","Alison Resin Creations (ARC)","Resin Art","Blue, Clear, Light Blue, Light Brown, Silver, Sitting, Small, Teddy","TRUE","Color","Clear",,,,,,"0",,"0","deny","manual","0.00",,"TRUE","TRUE",,"https://raw.githubusercontent.com/BanterBoy/alisoncreations/feat/arc-initial-site/resources/images/sitting-teddy-small-clear.jpg","2","Sitting Teddy Small - Clear","FALSE","Sitting Teddy Small","Discover the Sitting Teddy Small from Alison Resin Creations (ARC).",,,,,,,,,,,,,,,"g",,"0.00","TRUE","TRUE","draft",
"sitting-teddy-small","Sitting Teddy Small","Hand-made resin creation: Sitting Teddy Small.","Alison Resin Creations (ARC)","Resin Art","Blue, Clear, Light Blue, Light Brown, Silver, Sitting, Small, Teddy","TRUE","Color","Light Blue",,,,,,"0",,"0","deny","manual","0.00",,"TRUE","TRUE",,"https://raw.githubusercontent.com/BanterBoy/alisoncreations/feat/arc-initial-site/resources/images/sitting-teddy-small-light-blue.jpg","3","Sitting Teddy Small - Light Blue","FALSE","Sitting Teddy Small","Discover the Sitting Teddy Small from Alison Resin Creations (ARC).",,,,,,,,,,,,,,,"g",,"0.00","TRUE","TRUE","draft",
"sitting-teddy-small","Sitting Teddy Small","Hand-made resin creation: Sitting Teddy Small.","Alison Resin Creations (ARC)","Resin Art","Blue, Clear, Light Blue, Light Brown, Silver, Sitting, Small, Teddy","TRUE","Color","Light Brown",,,,,,"0",,"0","deny","manual","0.00",,"TRUE","TRUE",,"https://raw.githubusercontent.com/BanterBoy/alisoncreations/feat/arc-initial-site/resources/images/sitting-teddy-small-light-brown.jpg","4","Sitting Teddy Small - Light Brown","FALSE","Sitting Teddy Small","Discover the Sitting Teddy Small from Alison Resin Creations (ARC).",,,,,,,,,,,,,,,"g",,"0.00","TRUE","TRUE","draft",
"sitting-teddy-small","Sitting Teddy Small","Hand-made resin creation: Sitting Teddy Small.","Alison Resin Creations (ARC)","Resin Art","Blue, Clear, Light Blue, Light Brown, Silver, Sitting, Small, Teddy","TRUE","Color","Silver",,,,,,"0",,"0","deny","manual","0.00",,"TRUE","TRUE",,"https://raw.githubusercontent.com/BanterBoy/alisoncreations/feat/arc-initial-site/resources/images/sitting-teddy-small-silver.jpg","5","Sitting Teddy Small - Silver","FALSE","Sitting Teddy Small","Discover the Sitting Teddy Small from Alison Resin Creations (ARC).",,,,,,,,,,,,,,,"g",,"0.00","TRUE","TRUE","draft",
"small-hanging-welcome-sign","Small Hanging Welcome Sign","Hand-made resin creation: Small Hanging Welcome Sign.","Alison Resin Creations (ARC)","Resin Art","Hanging, Sign, Small, Welcome","TRUE","Title","Default Title",,,,,,"0",,"0","deny","manual","0.00",,"TRUE","TRUE",,"https://raw.githubusercontent.com/BanterBoy/alisoncreations/feat/arc-initial-site/resources/images/small-hanging-welcome-sign.jpg","1","Small Hanging Welcome Sign","FALSE","Small Hanging Welcome Sign","Discover the Small Hanging Welcome Sign from Alison Resin Creations (ARC).",,,,,,,,,,,,,,,"g",,"0.00","TRUE","TRUE","draft",
"snow-scene","Snow Scene","Hand-made resin creation: Snow Scene.","Alison Resin Creations (ARC)","Resin Art","Blue, Orange, Red, Scene, Snow, White, Yellow","TRUE","Color","Blue",,,,,,"0",,"0","deny","manual","0.00",,"TRUE","TRUE",,"https://raw.githubusercontent.com/BanterBoy/alisoncreations/feat/arc-initial-site/resources/images/snow-scene-blue-%282%29.jpg","1","Snow Scene - Blue","FALSE","Snow Scene","Discover the Snow Scene from Alison Resin Creations (ARC).",,,,,,,,,,,,,,,"g",,"0.00","TRUE","TRUE","draft",
"snow-scene","Snow Scene","Hand-made resin creation: Snow Scene.","Alison Resin Creations (ARC)","Resin Art","Blue, Orange, Red, Scene, Snow, White, Yellow","TRUE","Color","Orange",,,,,,"0",,"0","deny","manual","0.00",,"TRUE","TRUE",,"https://raw.githubusercontent.com/BanterBoy/alisoncreations/feat/arc-initial-site/resources/images/snow-scene-orange-%282%29.jpg","2","Snow Scene - Orange","FALSE","Snow Scene","Discover the Snow Scene from Alison Resin Creations (ARC).",,,,,,,,,,,,,,,"g",,"0.00","TRUE","TRUE","draft",
"snow-scene","Snow Scene","Hand-made resin creation: Snow Scene.","Alison Resin Creations (ARC)","Resin Art","Blue, Orange, Red, Scene, Snow, White, Yellow","TRUE","Color","Red",,,,,,"0",,"0","deny","manual","0.00",,"TRUE","TRUE",,"https://raw.githubusercontent.com/BanterBoy/alisoncreations/feat/arc-initial-site/resources/images/snow-scene-red-%282%29.jpg","3","Snow Scene - Red","FALSE","Snow Scene","Discover the Snow Scene from Alison Resin Creations (ARC).",,,,,,,,,,,,,,,"g",,"0.00","TRUE","TRUE","draft",
"snow-scene","Snow Scene","Hand-made resin creation: Snow Scene.","Alison Resin Creations (ARC)","Resin Art","Blue, Orange, Red, Scene, Snow, White, Yellow","TRUE","Color","White",,,,,,"0",,"0","deny","manual","0.00",,"TRUE","TRUE",,"https://raw.githubusercontent.com/BanterBoy/alisoncreations/feat/arc-initial-site/resources/images/snow-scene-white-%282%29.jpg","4","Snow Scene - White","FALSE","Snow Scene","Discover the Snow Scene from Alison Resin Creations (ARC).",,,,,,,,,,,,,,,"g",,"0.00","TRUE","TRUE","draft",
"snow-scene","Snow Scene","Hand-made resin creation: Snow Scene.","Alison Resin Creations (ARC)","Resin Art","Blue, Orange, Red, Scene, Snow, White, Yellow","TRUE","Color","Yellow",,,,,,"0",,"0","deny","manual","0.00",,"TRUE","TRUE",,"https://raw.githubusercontent.com/BanterBoy/alisoncreations/feat/arc-initial-site/resources/images/snow-scene-yellow-%282%29.jpg","5","Snow Scene - Yellow","FALSE","Snow Scene","Discover the Snow Scene from Alison Resin Creations (ARC).",,,,,,,,,,,,,,,"g",,"0.00","TRUE","TRUE","draft",
"stag-head","Stag Head","Hand-made resin creation: Stag Head.","Alison Resin Creations (ARC)","Resin Art","Head, Stag, White","TRUE","Color","White",,,,,,"0",,"0","deny","manual","0.00",,"TRUE","TRUE",,"https://raw.githubusercontent.com/BanterBoy/alisoncreations/feat/arc-initial-site/resources/images/stag-head-white.jpg","1","Stag Head - White","FALSE","Stag Head","Discover the Stag Head from Alison Resin Creations (ARC).",,,,,,,,,,,,,,,"g",,"0.00","TRUE","TRUE","draft",
"teddy-crystal","Teddy Crystal","Hand-made resin creation: Teddy Crystal.","Alison Resin Creations (ARC)","Resin Art","Crystal, Teddy","TRUE","Title","Default Title",,,,,,"0",,"0","deny","manual","0.00",,"TRUE","TRUE",,"https://raw.githubusercontent.com/BanterBoy/alisoncreations/feat/arc-initial-site/resources/images/teddy-crystal.jpg","1","Teddy Crystal","FALSE","Teddy Crystal","Discover the Teddy Crystal from Alison Resin Creations (ARC).",,,,,,,,,,,,,,,"g",,"0.00","TRUE","TRUE","draft",
"teddy-on-heart-bench","Teddy On Heart Bench","Hand-made resin creation: Teddy On Heart Bench.","Alison Resin Creations (ARC)","Resin Art","Bench, Heart, Teddy","TRUE","Title","Default Title",,,,,,"0",,"0","deny","manual","0.00",,"TRUE","TRUE",,"https://raw.githubusercontent.com/BanterBoy/alisoncreations/feat/arc-initial-site/resources/images/teddy-on-heart-bench.jpg","1","Teddy On Heart Bench","FALSE","Teddy On Heart Bench","Discover the Teddy On Heart Bench from Alison Resin Creations (ARC).",,,,,,,,,,,,,,,"g",,"0.00","TRUE","TRUE","draft",
"teddy-on-heart-bench-with-flower","Teddy On Heart Bench With Flower","Hand-made resin creation: Teddy On Heart Bench With Flower.","Alison Resin Creations (ARC)","Resin Art","Bench, Flower, Heart, Teddy","TRUE","Title","Default Title",,,,,,"0",,"0","deny","manual","0.00",,"TRUE","TRUE",,"https://raw.githubusercontent.com/BanterBoy/alisoncreations/feat/arc-initial-site/resources/images/teddy-on-heart-bench-with-flower.jpg","1","Teddy On Heart Bench With Flower","FALSE","Teddy On Heart Bench With Flower","Discover the Teddy On Heart Bench With Flower from Alison Resin Creations (ARC).",,,,,,,,,,,,,,,"g",,"0.00","TRUE","TRUE","draft",
"teddy-on-heart-bench1","Teddy On Heart Bench1","Hand-made resin creation: Teddy On Heart Bench1.","Alison Resin Creations (ARC)","Resin Art","Bench1, Heart, Teddy","TRUE","Title","Default Title",,,,,,"0",,"0","deny","manual","0.00",,"TRUE","TRUE",,"https://raw.githubusercontent.com/BanterBoy/alisoncreations/feat/arc-initial-site/resources/images/teddy-on-heart-bench1.jpg","1","Teddy On Heart Bench1","FALSE","Teddy On Heart Bench1","Discover the Teddy On Heart Bench1 from Alison Resin Creations (ARC).",,,,,,,,,,,,,,,"g",,"0.00","TRUE","TRUE","draft",
"teddy-on-star-bench","Teddy On Star Bench","Hand-made resin creation: Teddy On Star Bench.","Alison Resin Creations (ARC)","Resin Art","Bench, Star, Teddy","TRUE","Title","Default Title",,,,,,"0",,"0","deny","manual","0.00",,"TRUE","TRUE",,"https://raw.githubusercontent.com/BanterBoy/alisoncreations/feat/arc-initial-site/resources/images/teddy-on-star-bench.jpg","1","Teddy On Star Bench","FALSE","Teddy On Star Bench","Discover the Teddy On Star Bench from Alison Resin Creations (ARC).",,,,,,,,,,,,,,,"g",,"0.00","TRUE","TRUE","draft",
"teddy-on-star-bench-with-flower","Teddy On Star Bench With Flower","Hand-made resin creation: Teddy On Star Bench With Flower.","Alison Resin Creations (ARC)","Resin Art","Bench, Flower, Star, Teddy","TRUE","Title","Default Title",,,,,,"0",,"0","deny","manual","0.00",,"TRUE","TRUE",,"https://raw.githubusercontent.com/BanterBoy/alisoncreations/feat/arc-initial-site/resources/images/teddy-on-star-bench-with-flower.jpg","1","Teddy On Star Bench With Flower","FALSE","Teddy On Star Bench With Flower","Discover the Teddy On Star Bench With Flower from Alison Resin Creations (ARC).",,,,,,,,,,,,,,,"g",,"0.00","TRUE","TRUE","draft",
"teddy-s-with-crystals","Teddy's With Crystals","Hand-made resin creation: Teddy's With Crystals.","Alison Resin Creations (ARC)","Resin Art","Blue, Crystals, Pink, Teddy's","TRUE","Color","Blue",,,,,,"0",,"0","deny","manual","0.00",,"TRUE","TRUE",,"https://raw.githubusercontent.com/BanterBoy/alisoncreations/feat/arc-initial-site/resources/images/teddy%27s-with-crystals-blue.jpg","1","Teddy's With Crystals - Blue","FALSE","Teddy's With Crystals","Discover the Teddy's With Crystals from Alison Resin Creations (ARC).",,,,,,,,,,,,,,,"g",,"0.00","TRUE","TRUE","draft",
"teddy-s-with-crystals","Teddy's With Crystals","Hand-made resin creation: Teddy's With Crystals.","Alison Resin Creations (ARC)","Resin Art","Blue, Crystals, Pink, Teddy's","TRUE","Color","Pink",,,,,,"0",,"0","deny","manual","0.00",,"TRUE","TRUE",,"https://raw.githubusercontent.com/BanterBoy/alisoncreations/feat/arc-initial-site/resources/images/teddy%27s-with-crystals-pink.jpg","2","Teddy's With Crystals - Pink","FALSE","Teddy's With Crystals","Discover the Teddy's With Crystals from Alison Resin Creations (ARC).",,,,,,,,,,,,,,,"g",,"0.00","TRUE","TRUE","draft",
"tents-with-candel","Tents With Candel","Hand-made resin creation: Tents With Candel.","Alison Resin Creations (ARC)","Resin Art","Candel, Light Blue, Light Pink, Light Yellow, Tents","TRUE","Color","Light Blue",,,,,,"0",,"0","deny","manual","0.00",,"TRUE","TRUE",,"https://raw.githubusercontent.com/BanterBoy/alisoncreations/feat/arc-initial-site/resources/images/tents-with-candel-light-blue.jpg","1","Tents With Candel - Light Blue","FALSE","Tents With Candel","Discover the Tents With Candel from Alison Resin Creations (ARC).",,,,,,,,,,,,,,,"g",,"0.00","TRUE","TRUE","draft",
"tents-with-candel","Tents With Candel","Hand-made resin creation: Tents With Candel.","Alison Resin Creations (ARC)","Resin Art","Candel, Light Blue, Light Pink, Light Yellow, Tents","TRUE","Color","Light Pink",,,,,,"0",,"0","deny","manual","0.00",,"TRUE","TRUE",,"https://raw.githubusercontent.com/BanterBoy/alisoncreations/feat/arc-initial-site/resources/images/tents-with-candel-light-pink.jpg","2","Tents With Candel - Light Pink","FALSE","Tents With Candel","Discover the Tents With Candel from Alison Resin Creations (ARC).",,,,,,,,,,,,,,,"g",,"0.00","TRUE","TRUE","draft",
"tents-with-candel","Tents With Candel","Hand-made resin creation: Tents With Candel.","Alison Resin Creations (ARC)","Resin Art","Candel, Light Blue, Light Pink, Light Yellow, Tents","TRUE","Color","Light Yellow",,,,,,"0",,"0","deny","manual","0.00",,"TRUE","TRUE",,"https://raw.githubusercontent.com/BanterBoy/alisoncreations/feat/arc-initial-site/resources/images/tents-with-candel-light-yellow.jpg","3","Tents With Candel - Light Yellow","FALSE","Tents With Candel","Discover the Tents With Candel from Alison Resin Creations (ARC).",,,,,,,,,,,,,,,"g",,"0.00","TRUE","TRUE","draft",
"unicorn-tedd-set","Unicorn Tedd Set","Hand-made resin creation: Unicorn Tedd Set.","Alison Resin Creations (ARC)","Resin Art","Set, Tedd, Unicorn","TRUE","Title","Default Title",,,,,,"0",,"0","deny","manual","0.00",,"TRUE","TRUE",,"https://raw.githubusercontent.com/BanterBoy/alisoncreations/feat/arc-initial-site/resources/images/unicorn-tedd-set.jpg","1","Unicorn Tedd Set","FALSE","Unicorn Tedd Set","Discover the Unicorn Tedd Set from Alison Resin Creations (ARC).",,,,,,,,,,,,,,,"g",,"0.00","TRUE","TRUE","draft",
"unicorn-teddy-star-set","Unicorn Teddy Star Set","Hand-made resin creation: Unicorn Teddy Star Set.","Alison Resin Creations (ARC)","Resin Art","Set, Star, Teddy, Unicorn","TRUE","Title","Default Title",,,,,,"0",,"0","deny","manual","0.00",,"TRUE","TRUE",,"https://raw.githubusercontent.com/BanterBoy/alisoncreations/feat/arc-initial-site/resources/images/unicorn-teddy-star-set.jpg","1","Unicorn Teddy Star Set","FALSE","Unicorn Teddy Star Set","Discover the Unicorn Teddy Star Set from Alison Resin Creations (ARC).",,,,,,,,,,,,,,,"g",,"0.00","TRUE","TRUE","draft",
"whiteb-hanging-xmas-trees","Whiteb Hanging Xmas Trees","Hand-made resin creation: Whiteb Hanging Xmas Trees.","Alison Resin Creations (ARC)","Resin Art","Hanging, Trees, Whiteb, Xmas","TRUE","Title","Default Title",,,,,,"0",,"0","deny","manual","0.00",,"TRUE","TRUE",,"https://raw.githubusercontent.com/BanterBoy/alisoncreations/feat/arc-initial-site/resources/images/whiteb-hanging-xmas-trees.jpg","1","Whiteb Hanging Xmas Trees","FALSE","Whiteb Hanging Xmas Trees","Discover the Whiteb Hanging Xmas Trees from Alison Resin Creations (ARC).",,,,,,,,,,,,,,,"g",,"0.00","TRUE","TRUE","draft",
"wooden-house-scene-1","Wooden House Scene 1","Hand-made resin creation: Wooden House Scene 1.","Alison Resin Creations (ARC)","Resin Art","1, House, Scene, Wooden","TRUE","Title","Default Title",,,,,,"0",,"0","deny","manual","0.00",,"TRUE","TRUE",,"https://raw.githubusercontent.com/BanterBoy/alisoncreations/feat/arc-initial-site/resources/images/wooden-house-scene-1.jpg","1","Wooden House Scene 1","FALSE","Wooden House Scene 1","Discover the Wooden House Scene 1 from Alison Resin Creations (ARC).",,,,,,,,,,,,,,,"g",,"0.00","TRUE","TRUE","draft",
"wooden-house-scene-2","Wooden House Scene 2","Hand-made resin creation: Wooden House Scene 2.","Alison Resin Creations (ARC)","Resin Art","2, House, Scene, Wooden","TRUE","Title","Default Title",,,,,,"0",,"0","deny","manual","0.00",,"TRUE","TRUE",,"https://raw.githubusercontent.com/BanterBoy/alisoncreations/feat/arc-initial-site/resources/images/wooden-house-scene-2.jpg","1","Wooden House Scene 2","FALSE","Wooden House Scene 2","Discover the Wooden House Scene 2 from Alison Resin Creations (ARC).",,,,,,,,,,,,,,,"g",,"0.00","TRUE","TRUE","draft",
"wooden-house-scene-3","Wooden House Scene 3","Hand-made resin creation: Wooden House Scene 3.","Alison Resin Creations (ARC)","Resin Art","3, House, Scene, Wooden","TRUE","Title","Default Title",,,,,,"0",,"0","deny","manual","0.00",,"TRUE","TRUE",,"https://raw.githubusercontent.com/BanterBoy/alisoncreations/feat/arc-initial-site/resources/images/wooden-house-scene-3.jpg","1","Wooden House Scene 3","FALSE","Wooden House Scene 3","Discover the Wooden House Scene 3 from Alison Resin Creations (ARC).",,,,,,,,,,,,,,,"g",,"0.00","TRUE","TRUE","draft",
"wooden-quote","Wooden Quote","Hand-made resin creation: Wooden Quote.","Alison Resin Creations (ARC)","Resin Art","Blue, Mauve, Quote, Wooden","TRUE","Color","Blue",,,,,,"0",,"0","deny","manual","0.00",,"TRUE","TRUE",,"https://raw.githubusercontent.com/BanterBoy/alisoncreations/feat/arc-initial-site/resources/images/wooden-quote-blue.jpg","1","Wooden Quote - Blue","FALSE","Wooden Quote","Discover the Wooden Quote from Alison Resin Creations (ARC).",,,,,,,,,,,,,,,"g",,"0.00","TRUE","TRUE","draft",
"wooden-quote","Wooden Quote","Hand-made resin creation: Wooden Quote.","Alison Resin Creations (ARC)","Resin Art","Blue, Mauve, Quote, Wooden","TRUE","Color","Mauve",,,,,,"0",,"0","deny","manual","0.00",,"TRUE","TRUE",,"https://raw.githubusercontent.com/BanterBoy/alisoncreations/feat/arc-initial-site/resources/images/wooden-quote-mauve.jpg","2","Wooden Quote - Mauve","FALSE","Wooden Quote","Discover the Wooden Quote from Alison Resin Creations (ARC).",,,,,,,,,,,,,,,"g",,"0.00","TRUE","TRUE","draft",
"big-house-scene",,,,,,,,,,,,,,,,,,,,,,,,"https://raw.githubusercontent.com/BanterBoy/alisoncreations/feat/arc-initial-site/resources/images/big-house-scene.jpg","2","Big House Scene",,,,,,,,,,,,,,,,,,,,,,,,
"blue-frog",,,,,,,,,,,,,,,,,,,,,,,,"https://raw.githubusercontent.com/BanterBoy/alisoncreations/feat/arc-initial-site/resources/images/blue-frog.jpg","2","Blue Frog",,,,,,,,,,,,,,,,,,,,,,,,
"butterfly-white-quote-1",,,,,,,,,,,,,,,,,,,,,,,,"https://raw.githubusercontent.com/BanterBoy/alisoncreations/feat/arc-initial-site/resources/images/butterfly-white-quote-1.jpg","2","Butterfly White Quote 1",,,,,,,,,,,,,,,,,,,,,,,,
"butterfly-white-quote-2",,,,,,,,,,,,,,,,,,,,,,,,"https://raw.githubusercontent.com/BanterBoy/alisoncreations/feat/arc-initial-site/resources/images/butterfly-white-quote-2.jpg","2","Butterfly White Quote 2",,,,,,,,,,,,,,,,,,,,,,,,
"dingy-and-anchor-sets-white-rope",,,,,,,,,,,,,,,,,,,,,,,,"https://raw.githubusercontent.com/BanterBoy/alisoncreations/feat/arc-initial-site/resources/images/dingy-and-anchor-sets-white-rope.jpg","2","Dingy And Anchor Sets White Rope",,,,,,,,,,,,,,,,,,,,,,,,
"dingy-and-anchor-sets-with-gold-rope",,,,,,,,,,,,,,,,,,,,,,,,"https://raw.githubusercontent.com/BanterBoy/alisoncreations/feat/arc-initial-site/resources/images/dingy-and-anchor-sets-with-gold-rope.jpg","2","Dingy And Anchor Sets With Gold Rope",,,,,,,,,,,,,,,,,,,,,,,,
"flower-cup-saucer",,,,,,,,,,,,,,,,,,,,,,,,"https://raw.githubusercontent.com/BanterBoy/alisoncreations/feat/arc-initial-site/resources/images/flower-cup-saucer-blue.jpg","5","Flower Cup Saucer - Blue",,,,,,,,,,,,,,,,,,,,,,,,
"flower-cup-saucer",,,,,,,,,,,,,,,,,,,,,,,,"https://raw.githubusercontent.com/BanterBoy/alisoncreations/feat/arc-initial-site/resources/images/flower-cup-saucer-white1.jpg","6","Flower Cup Saucer - White1",,,,,,,,,,,,,,,,,,,,,,,,
"flower-cup-saucer",,,,,,,,,,,,,,,,,,,,,,,,"https://raw.githubusercontent.com/BanterBoy/alisoncreations/feat/arc-initial-site/resources/images/flower-cup-saucer-yellow.jpg","7","Flower Cup Saucer - Yellow",,,,,,,,,,,,,,,,,,,,,,,,
"green-frog",,,,,,,,,,,,,,,,,,,,,,,,"https://raw.githubusercontent.com/BanterBoy/alisoncreations/feat/arc-initial-site/resources/images/green-frog-%283%29.jpg","2","Green Frog",,,,,,,,,,,,,,,,,,,,,,,,
"green-frog",,,,,,,,,,,,,,,,,,,,,,,,"https://raw.githubusercontent.com/BanterBoy/alisoncreations/feat/arc-initial-site/resources/images/green-frog.jpg","3","Green Frog",,,,,,,,,,,,,,,,,,,,,,,,
"set-of-3-bunnys",,,,,,,,,,,,,,,,,,,,,,,,"https://raw.githubusercontent.com/BanterBoy/alisoncreations/feat/arc-initial-site/resources/images/set-of-3-bunnys-pink.jpg","5","Set Of 3 Bunnys - Pink",,,,,,,,,,,,,,,,,,,,,,,,
"snow-scene",,,,,,,,,,,,,,,,,,,,,,,,"https://raw.githubusercontent.com/BanterBoy/alisoncreations/feat/arc-initial-site/resources/images/snow-scene-blue.jpg","6","Snow Scene - Blue",,,,,,,,,,,,,,,,,,,,,,,,
"snow-scene",,,,,,,,,,,,,,,,,,,,,,,,"https://raw.githubusercontent.com/BanterBoy/alisoncreations/feat/arc-initial-site/resources/images/snow-scene-orange.jpg","7","Snow Scene - Orange",,,,,,,,,,,,,,,,,,,,,,,,
"snow-scene",,,,,,,,,,,,,,,,,,,,,,,,"https://raw.githubusercontent.com/BanterBoy/alisoncreations/feat/arc-initial-site/resources/images/snow-scene-red.jpg","8","Snow Scene - Red",,,,,,,,,,,,,,,,,,,,,,,,
"snow-scene",,,,,,,,,,,,,,,,,,,,,,,,"https://raw.githubusercontent.com/BanterBoy/alisoncreations/feat/arc-initial-site/resources/images/snow-scene-white-%283%29.jpg","9","Snow Scene - White",,,,,,,,,,,,,,,,,,,,,,,,
"snow-scene",,,,,,,,,,,,,,,,,,,,,,,,"https://raw.githubusercontent.com/BanterBoy/alisoncreations/feat/arc-initial-site/resources/images/snow-scene-white.jpg","10","Snow Scene - White",,,,,,,,,,,,,,,,,,,,,,,,
"snow-scene",,,,,,,,,,,,,,,,,,,,,,,,"https://raw.githubusercontent.com/BanterBoy/alisoncreations/feat/arc-initial-site/resources/images/snow-scene-yellow-%283%29.jpg","11","Snow Scene - Yellow",,,,,,,,,,,,,,,,,,,,,,,,
"snow-scene",,,,,,,,,,,,,,,,,,,,,,,,"https://raw.githubusercontent.com/BanterBoy/alisoncreations/feat/arc-initial-site/resources/images/snow-scene-yellow.jpg","12","Snow Scene - Yellow",,,,,,,,,,,,,,,,,,,,,,,,
